Restaurant Name,Inspection Type,Inspection Date,Inspection Score,Street Number,Street Name,Street Unit,Zip,Street Address,Inspection Month,Inspection Year,Lat,Long,Type,Rating,Rating Count
A MOTIONS FOOD MART,Routine,2/22/2018,80,829,CORINTH ST,,75203,829 S CORINTH ST RD,2/1/2018,FY2018,32.7394658,-96.7988631,Restaurant,,
A-MOTION FOOD MART,Routine,3/14/2019,80,829,CORINTH,,75203,829 S CORINTH,3/1/2019,FY2019,32.7394658,-96.7988631,Restaurant,,
B-Z SHOP,Routine,1/18/2019,91,7602,GREAT TRINITY FOREST,,75217,7602 GREAT TRINITY FOREST WAY,1/1/2019,FY2019,32.712311,-96.6912575,Restaurant,,
BAKERY,Routine,10/10/2019,97,4062,LBJ,,76244,4062 LBJ FRWY,10/1/2019,FY2020,32.9218256,-96.8431324,Cafe,,
BASKIN ROBBINS,Routine,12/18/2018,93,8411,PRESTON,#120,75225,8411 PRESTON RD #120,12/1/2018,FY2019,32.8650835,-96.8047058,Restaurant,,
BISTRO CAFE&GRILL,Routine,11/7/2019,84,1111,MOCKINGBIRD,#150,75247,1111 W MOCKINGBIRD LN #150,11/1/2019,FY2020,32.8188139,-96.8705727,Restaurant,,
BLUE BIRD,Routine,9/8/2018,99,11434,EMERALD,#106,75229,11434 EMERALD ST #106,9/1/2018,FY2018,32.8969751,-96.8987342,Restaurant,,
BOLSA,Routine,7/30/2019,85,614,DAVIS,#100,75208,614 W DAVIS ST #100,7/1/2019,FY2019,32.749346,-96.8319445,Restaurant,,
BOSS WINGS AND MORE,Routine,8/23/2019,80,4328,MARSALIS,#B,75216,4328 S MARSALIS AVE #B,8/1/2019,FY2019,32.6916019,-96.814313,Restaurant,,
BUCKNER FOOD MART,Routine,1/31/2019,100,1731,BUCKNER,,75217,1731 S BUCKNER BLVD,1/1/2019,FY2019,32.7423452,-96.6832973,Restaurant,,
BUNGALOW/BAR,Routine,6/30/2018,71,3121,ROSS,#100,75204,3121 ROSS AVE #100,6/1/2018,FY2018,32.7942047,-96.7910219,Restaurant,,
BUY LOW FOOD AND BEER,Routine,6/26/2019,82,9530,OVERLAKE,#A,75220,9530 OVERLAKE DR #A,6/1/2019,FY2019,32.8574828,-96.8692359,Restaurant,,
CALIFORNIA PIZZA KITCHEN,Routine,9/12/2019,90,8411,PRESTON,,75225,8411 PRESTON RD,9/1/2019,FY2019,32.8650835,-96.8047058,Restaurant,,
CANE'S DELI,Routine,9/5/2019,74,12810,HILLCREST,#107,75230,12810 HILLCREST RD #107,9/1/2019,FY2019,32.923762,-96.785173,Restaurant,,
CHALMITA,Routine,11/11/2018,94,2233,PRAIRIE CREEK,#L7,75227,2233 N PRAIRIE CREEK RD #L7,11/1/2018,FY2019,32.7506649,-96.6659837,Restaurant,,
CHAMOY LOCOS,Routine,3/14/2019,85,2605,FORT WORTH,#300,75211,2605 FORT WORTH AVE #300,3/1/2019,FY2019,32.7585797,-96.8649627,Restaurant,,
CHEVRON FUEL TOWN,Routine,8/21/2019,94,8000,GREAT TRINTIY FOREST,,75217,8000 GREAT TRINTIY FOREST PKWY,8/1/2019,FY2019,32.7119403,-96.6847442,Restaurant,,
CK BILLIARDS,Routine,3/25/2019,96,19049,MARSH,#109,75252,19049 MARSH LN #109,3/1/2019,FY2019,33.0107799,-96.857752,Restaurant,,
COLETTE,Routine,12/8/2018,100,10821,COMPOSITE,#300,75220,10821 COMPOSITE DR STE #300,12/1/2018,FY2019,32.876857,-96.8963946,Restaurant,,
CONCESSION STAND,Routine,3/4/2019,93,2525,FRANKFORD,,75006,2525 FRANKFORD RD,3/1/2019,FY2019,32.9973224,-96.8703041,Restaurant,,
COOL ZONE,Routine,1/8/2019,98,4275,NORTHWEST,,75220,4275 W NORTHWEST HWY,1/1/2019,FY2019,32.8641876,-96.8368796,Restaurant,,
CRUDO TAVERNA,Routine,3/12/2019,85,8411,PRESTON,#132,75225,8411 PRESTON RD #132,3/1/2019,FY2019,32.8650835,-96.8047058,Restaurant,,
DAILY STOP,Routine,12/17/2018,97,2605,FORT WORTH,#100,75211,2605 FORT WORTH AVE #100,12/1/2018,FY2019,32.7585797,-96.8649627,Restaurant,,
DINERITE,Routine,9/10/2018,94,2505,FARRINGTON,,75207,2505 FARRINGTON ST,9/1/2018,FY2018,32.8001296,-96.8401668,Restaurant,,
DONUT PALACE,Routine,1/14/2020,86,415,CARROLL,#104,75223,415 S CARROLL AVE #104,1/1/2020,FY2020,32.7893559,-96.7654947,Restaurant,,
E RAE KOREAN FOOD,Routine,9/14/2019,86,11434,EMERALD,#108,75229,11434 EMERALD ST #108,9/1/2019,FY2019,32.8969751,-96.8987342,Restaurant,,
EL POLLOW COSTENO,Routine,12/16/2019,82,10825,DENNIS,#103,75229,10825 DENNIS RD #103,12/1/2019,FY2020,32.8959838,-96.8818092,Restaurant,,
EL TIZONCITO III,Routine,10/29/2019,90,5150,LEMMON,111,75209,5150 LEMMON AVE STE 111,10/1/2019,FY2020,32.8251403,-96.8199363,Restaurant,,
FUJI FOOD,Routine,10/28/2019,94,4062,LBJ,#100,75244,4062 LBJ FRWY #100,10/1/2019,FY2020,32.9218256,-96.8431324,Cafe,,
FUJISAN SUSHI,Routine,12/27/2019,91,5555,BUCKNER,,75228,5555 S BUCKNER BLVD,12/1/2019,FY2020,32.7937876,-96.6870364,Cafe,,
GATHER KITCHEN,Routine,1/10/2019,88,6135,LUTHER,,75225,6135 LUTHER LN,1/1/2019,FY2019,32.8638037,-96.8046185,Restaurant,,
GRANNIE KITCHEN,Routine,8/14/2019,89,7616,GREAT TRINITY FOREST,#B,75217,7616 GREAT TRINITY FOREST PKWY #B,8/1/2019,FY2019,32.7123841,-96.6910766,Restaurant,,
GREENS & THINGS DOWN HOME COOKING,Routine,2/22/2017,89,7620,GREAT TRINITY FOREST,,75217,7620 GREAT TRINITY FOREST WAY,2/1/2017,FY2017,32.7127079,-96.6909523,Restaurant,,
HAN'S DONUTS,Routine,1/17/2019,86,2445,BUCKNER,#170,75227,2445 S BUCKNER BLVD #170,1/1/2019,FY2019,32.754176,-96.6833182,Restaurant,,
HENDERSON CHICKEN,Routine,3/21/2018,87,8445,LANCASTER,#A100,75241,8445 S LANCASTER RD #A100,3/1/2018,FY2018,32.6450833,-96.7813982,Restaurant,,
HENRY'S MAJESTIC,Routine,9/19/2019,88,4900,MCKINNEY,,75205,4900 MCKINNEY AVE,9/1/2019,FY2019,32.8269201,-96.784751,Bar,,
JENNINGS BISTRO,Routine,9/22/2017,83,2233,PRAIRIE CREEK,#L8,75227,2233 N PRAIRIE CREEK RD #L8,9/1/2017,FY2017,32.7506649,-96.6659837,Restaurant,,
JERSEY MIKE'S SUBS,Routine,12/27/2018,92,5301,LOVERS,108,75209,5301 W LOVERS LN STE 108,12/1/2018,FY2019,32.8515834,-96.8207807,Restaurant,,
JERSEY MIKE'S SUBS,Routine,12/18/2018,91,8411,PRESTON,#118,75225,8411 PRESTON RD #118,12/1/2018,FY2019,32.8650835,-96.8047058,Restaurant,,
KATHY'S CHOICE,Routine,6/15/2017,95,7989,BELTLINE,#138,75248,7989 BELTLINE RD #138,6/1/2017,FY2017,32.952419,-96.7705201,Restaurant,,
KNL DINER & GRILL,Routine,2/8/2019,88,4310,MALCOLM X,,75215,4310 S MALCOLM X BLVD,2/1/2019,FY2019,32.7588372,-96.7560581,Restaurant,,
LA DUNI,Routine,8/28/2019,92,2612,IRVING,,75207,2612 IRVING BLVD,8/1/2019,FY2019,32.8012457,-96.841821,Restaurant,,
LA FUENTE DULCES HELADOS Y FRUTAS,Routine,12/10/2018,92,2445,BUCKNER,#160,75227,2445 S BUCKNER BLVD #160,12/1/2018,FY2019,32.754176,-96.6833182,Restaurant,,
LA NUEVA PUNTADA,Routine,5/30/2019,85,2445,BUCKNER,#190,75227,2445 S BUCKNER BLVD #190,5/1/2019,FY2019,32.754176,-96.6833182,Restaurant,,
LA TIA ESTELA MEXICAN,Routine,7/29/2019,83,2967,WESTMORELAND,,75233,2967 S WESTMORELAND RD,7/1/2019,FY2019,32.711867,-96.8746825,Restaurant,,
LANDMARK FITNESS CLUB-SMOOTHIE BAR,Routine,11/16/2018,90,12740,MERIT,,75225,12740 MERIT DR,11/1/2018,FY2019,32.9222405,-96.770967,Restaurant,,
LITTLE CAESARS,Routine,2/6/2019,89,10212,NORTHWEST,,75238,10212 E NORTHWEST HWY,2/1/2019,FY2019,32.864229,-96.7088313,Restaurant,,
LIZARD LOUNGE,Routine,8/27/2019,88,2424,SWISS,,75204,2424 SWISS AVE,8/1/2019,FY2019,32.7847677,-96.7902687,Restaurant,,
MARROSSO CAFE,Routine,8/26/2019,81,7989,BELTLINE,#110,75248,7989 BELTLINE RD #110,8/1/2019,FY2019,32.952419,-96.7705201,Restaurant,,
MASJID AL ISLAM DALLAS ANNEX,Routine,12/27/2019,98,2625,CESAR CHAVEZ,,75215,2625 S CESAR CHAVEZ BLVD,12/1/2019,FY2020,32.7669279,-96.7781151,Restaurant,,
MESQUITE SPORTS BAR,Routine,10/3/2019,84,4628,MAPLE,,75219,4628 MAPLE AVE,10/1/2019,FY2020,32.8134983,-96.8246952,Restaurant,,
MOCKINGBIRD DINER,Routine,4/29/2019,80,3130,MOCKINGBIRD,,75235,3130 W MOCKINGBIRD LN,4/1/2019,FY2019,32.8330701,-96.8379417,Restaurant,,
MORE-ISH DONUTS,Routine,1/30/2019,80,2605,FORT WORTH,#400,75211,2605 FORT WORTH AVE #400,1/1/2019,FY2019,32.7585797,-96.8649627,Restaurant,,
"MS V'S SOUL FOOD, BURGERS & CHICKEN",Routine,9/18/2019,92,829,CORINTH,#B,75203,829 S CORINTH ST #B,9/1/2019,FY2019,32.7394658,-96.7988631,Restaurant,,
MURPHY'S DELI,Routine,10/16/2019,83,3100,MCKINNON,#190,75201,3100 MCKINNON ST #190,10/1/2019,FY2020,32.7979068,-96.8109031,Restaurant,,
O.E. PENGUIN,Routine,12/22/2019,94,1404,MAIN,,75202,1404 1/2 MAIN ST,12/1/2019,FY2020,32.7856633,-96.7731829,Restaurant,,
OK FOOD MART,Routine,12/16/2019,91,4343,CAMP WISDOM,#124,75237,4343 W CAMP WISDOM RD #124,12/1/2019,FY2020,32.6629296,-96.8901451,Restaurant,,
ORANGE CHICKEN EXPRESS CHINESE FOOD,Routine,9/3/2019,80,2303,MOUNTAIN LAKE,#100,75224,2303 MOUNTAIN LAKE RD #100,9/1/2019,FY2019,32.7216431,-96.8558439,Restaurant,,
ORS OCEAN RESOURCE SEAFOOD,Routine,11/20/2018,100,1805,CHESTNUT,,75226,1805 CHESTNUT ST,11/1/2018,FY2019,32.7786207,-96.7749156,Restaurant,,
PIZZA HUT,Routine,1/10/2020,95,7989,BELTLINE,#80,75240,7989 BELTLINE RD #80,1/1/2020,FY2020,32.952419,-96.7705201,Restaurant,,
QT FOOD MART (GROCERY),Routine,10/5/2018,80,4328,MARSALIS,,75216,4328 S MARSALIS AVE,10/1/2018,FY2019,32.6916019,-96.814313,Restaurant,,
QUEENS DONUTS,Routine,3/9/2018,91,7616,GREAT TRINITY FOREST,#B,75217,7616 GREAT TRINITY FOREST WAY #B,3/1/2018,FY2018,32.7123841,-96.6910766,Restaurant,,
ROMAN CUCIZA,Routine,7/1/2019,92,7989,BELTLINE,#315,75248,7989 BELTLINE RD #315,7/1/2019,FY2019,32.952419,-96.7705201,Restaurant,,
SAM'S CLUB GROCERY/PRODUCE,Routine,11/26/2018,100,9461,WEBB CHAPEL,,75220,9461 WEBB CHAPEL RD,11/1/2018,FY2019,32.8626716,-96.8610504,Cafe,,
SINO HOUSE,Routine,7/2/2018,81,18020,DALLAS,,75287,18020 N DALLAS PKWY,7/1/2018,FY2018,32.995764,-96.8284842,Restaurant,,
SNUFFER'S,Routine,6/12/2018,82,8411,PRESTON,#112,75225,8411 PRESTON RD #112,6/1/2018,FY2018,32.8650835,-96.8047058,Restaurant,,
SOUTHSIDE STEAKS & CAKES,Routine,8/28/2019,95,3125,AL LIPSCOMB,,75210,3125 AL LIPSCOMB WAY,8/1/2019,FY2019,32.7757722,-96.7679053,Restaurant,,
SPEEDMAX,Routine,10/11/2019,80,8445,LANCASTER,#A,75241,8445 S LANCASTER RD #A,10/1/2019,FY2020,32.6450833,-96.7813982,Restaurant,,
STOP & SHOP,Routine,1/13/2020,90,1313,JIM MILLER,,75217,1313 N JIM MILLER RD,1/1/2020,FY2020,32.7349245,-96.7004562,Restaurant,,
SUBROC,Routine,3/5/2019,83,400,ZANG,LLC30,75208,400 S ZANG BLVD LLC30,3/1/2019,FY2019,32.7418737,-96.8239662,Restaurant,,
SUBROC DELI,Routine,1/16/2019,82,1717,MCKINNEY,#780,75202,1717 MCKINNEY AVE #780,1/1/2019,FY2019,32.7884632,-96.8046862,Restaurant,,
SUBWAY,Routine,1/24/2017,96,5150,LEMMON,#104,75209,5150 LEMMON AVE STE #104,1/1/2017,FY2017,32.8251403,-96.8199363,Restaurant,,
SUPER MERCADO MONTERREY BAKERY &TOR,Routine,1/21/2019,95,1120,WESTMORELAND,,75211,1120 S WESTMORELAND RD,1/1/2019,FY2019,32.7334897,-96.8734674,Restaurant,,
TACOS LA ESQUINA,Routine,1/31/2018,80,839,JEFFERSON,,75208,839 W JEFFERSON BLVD,1/1/2018,FY2018,32.7434019,-96.8374356,Restaurant,,
TACOS MARIACHI,Routine,10/24/2019,80,602,SINGLETON,,75212,602 SINGLETON BLVD,10/1/2019,FY2020,32.7783887,-96.8333052,Restaurant,,
TAQUERIA EL GUACHE,Routine,2/13/2017,89,2410,WALNUT HILL,,75229,2410 WALNUT HILL LN,2/1/2017,FY2017,32.8807469,-96.8969978,Restaurant,,
TAQUERIA MI ZACATECAS,Routine,8/5/2019,84,1913,EDGEFIELD,,75211,1913 S EDGEFIELD AVE,8/1/2019,FY2019,32.7265153,-96.8448781,Restaurant,,
TEXACO S&A FOOD MART,Routine,9/18/2019,81,11770,FERGUSON,,75228,11770 FERGUSON RD,9/1/2019,FY2019,32.8549684,-96.6492253,Restaurant,,
THE DONUT PALACE,Routine,1/10/2020,94,7989,BELTLINE,#307,75248,7989 BELTLINE RD #307,1/1/2020,FY2020,32.952419,-96.7705201,Restaurant,,
THE KOSHER PALATE,Routine,11/20/2019,84,7989,BELTLINE,#154,75248,7989 BELTLINE RD #154,11/1/2019,FY2020,32.952419,-96.7705201,Restaurant,,
THE NOTRE DAME OF DALLAS,Routine,11/14/2019,98,2018,ALLEN,,75204,2018 ALLEN ST,11/1/2019,FY2020,32.7955154,-96.7953448,Restaurant,,
THE ORION BALLROOM,Routine,8/12/2019,95,400,ZANG,#1500,75208,400 S ZANG BLVD STE #1500,8/1/2019,FY2019,32.7417254,-96.8239595,Restaurant,,
THE REPUBLIC POOL BAR,Routine,6/30/2018,87,3121,ROSS,#150,75204,3121 ROSS AVE #150,6/1/2018,FY2018,32.7942047,-96.7910219,Restaurant,,
TRUE EATS,Routine,1/6/2020,92,2121,PEARL,#2040,75201,2121 N PEARL ST #2040,1/1/2020,FY2020,32.7910775,-96.8012339,Restaurant,,
WALNUT HILL CHEVRON,Routine,11/1/2017,92,2440,WALNUT HILL,,75229,2440 WALNUT HILL LN,11/1/2017,FY2018,32.8807404,-96.89633,Restaurant,,
WONDERS ICE CREAM,Routine,6/11/2019,98,5150,LEMMON,#104,75209,5150 LEMMON AVE #104,6/1/2019,FY2019,32.8251403,-96.8199363,Restaurant,,
YEMBOL,Routine,7/23/2018,70,4343,CAMP WISDOM,#100,75233,4343 W CAMP WISDOM RD #100,7/1/2018,FY2018,32.6629296,-96.8901451,Restaurant,,
YEMBOL AFRICAN RESTAURANT,Routine,5/14/2019,81,9241,SKILLMAN,#102,75243,9241 SKILLMAN ST #102,5/1/2019,FY2019,32.9039616,-96.7148665,Restaurant,,
YOUNG DONUTS,Routine,10/9/2019,94,19049,MARSH,#103,75252,19049 MARSH LN #103,10/1/2019,FY2020,33.0107799,-96.857752,Restaurant,,
ALICE,Follow-up,7/10/2019,80,1623,HALL,#103,75204,1623 N HALL ST #103,7/1/2019,FY2019,32.7951016,-96.7890195,Bar,4.3,288
AMBER JAX,Routine,8/26/2019,83,3011,GULDEN,#107,75212,3011 GULDEN LN #107,8/1/2019,FY2019,32.7793722,-96.8289924,Bar,4.2,455
ANDREAS RESTAURANT,Routine,5/16/2019,87,7260,GASTON,,75214,7260 GASTON AVE,5/1/2019,FY2019,32.8122088,-96.731817,Bar,4.3,542
ANGELIKA CAFE,Routine,1/16/2019,92,5321,MOCKINGBIRD,#201A,75206,5321 E MOCKINGBIRD LN #201A,1/1/2019,FY2019,32.8382614,-96.7754164,Bar,4.5,834
ANGRY DOG,Routine,9/16/2019,93,2726,COMMERCE,,75226,2726 COMMERCE ST,9/1/2019,FY2019,32.7828812,-96.7835467,Bar,4.5,1746
ANNIE'S CULINARY CREATIONS,Routine,6/7/2018,95,1908,HENDERSON,,75206,1908 N HENDERSON AVE E,6/1/2018,FY2018,32.8114806,-96.7743813,Bar,3.9,225
ASCENSION COFFEE,Routine,2/15/2019,96,1621,OAK LAWN,#A,75207,1621 OAK LAWN AVE #A,2/1/2019,FY2019,32.7970083,-96.8201522,Bar,4.5,1679
ASCENSION COFFEE,Routine,1/23/2019,82,200,CRESCENT,#40,75201,200 CRESCENT CT #40,1/1/2019,FY2019,32.7936538,-96.8039079,Cafe,4.4,335
AUNTIE ANNE'S,Routine,2/11/2019,94,13350,DALLAS,#3290,75240,13350 DALLAS PKWY #3290,2/1/2019,FY2019,32.9290218,-96.8200386,Bar,4.5,651
AVANTI RISTORANTI,Routine,9/18/2019,90,2720,MCKINNEY,,75204,2720 MCKINNEY AVE,9/1/2019,FY2019,32.7980902,-96.8009078,Bar,4.5,306
AVENUE,Routine,7/6/2018,94,2912,MCKINNEY,,75204,2912 MCKINNEY AVE,7/1/2018,FY2018,32.8000928,-96.8004901,Bar,4.5,630
B & B NEWS & MORE,Routine,2/13/2019,98,13350,DALLAS,#3395,75240,13350 DALLAS PKWY #3395,2/1/2019,FY2019,32.9290218,-96.8200386,Bar,4.5,651
BABB'S BBQ,Routine,8/22/2019,90,3015,GULDEN,#105,75212,3015 GULDEN #105,8/1/2019,FY2019,32.7799436,-96.8281532,Bar,4.3,928
BABY BACK SHAK,Routine,11/22/2019,87,1800,AKARD,,75215,1800 S AKARD ST,11/1/2019,FY2020,32.7679146,-96.7898787,Bar,4.5,682
BAR/KITCHEN(ICE MACHINE ONLY),Routine,2/28/2019,94,2605,ELM,,75226,2605 ELM ST,2/1/2019,FY2019,32.7842786,-96.7863379,Cafe,4,442
BARCADIA,Routine,9/16/2019,97,1917,HENDERSON,,75224,1917 N HENDERSON,9/1/2019,FY2019,32.8116459,-96.775207,Bar,4,631
BARNES & NOBLE,Routine,3/19/2019,99,5959,ROYAL,#616,75230,5959 ROYAL LN #616,3/1/2019,FY2019,32.8958022,-96.805795,Cafe,4.2,125
BASKIN ROBBINS,Routine,1/9/2020,96,2433,KIEST,,75233,2433 W KIEST BLVD,1/1/2020,FY2020,32.7063347,-96.8582392,Bar,4.5,643
BEAUTY BAR DALLAS,Routine,5/9/2018,90,1924,HENDERSON,,75206,1924 N HENDERSON AVE,5/1/2018,FY2018,32.8119495,-96.7749363,Bar,4,631
BENNY BAGELS LAKEWOOD,Routine,7/8/2019,88,1901,SKILLMAN,,75206,1901 SKILLMAN,7/1/2019,FY2019,32.8128105,-96.762176,Cafe,4.7,313
BENNY'S BAGELS,Routine,12/19/2017,76,1901,SKILLMAN,,75206,1901 SKILLMAN ST,12/1/2017,FY2018,32.8128105,-96.762176,Cafe,4.7,313
BENNY'S FOOD & MART,Routine,10/15/2019,99,5942,ABRAMS,,75231,5942 ABRAMS RD,10/1/2019,FY2020,32.8576889,-96.7480359,Cafe,3.6,683
BERRY NAKED,Routine,1/18/2019,89,5560,LOVERS,#251,75209,5560 LOVERS LN #251,1/1/2019,FY2019,32.8501457,-96.8182246,Bar,4.3,376
BETO & SON REAL MEXICAN FOOD,Routine,11/19/2019,81,3011,GULDEN,#108,75212,3011 GULDEN LN #108,11/1/2019,FY2020,32.7793722,-96.8289924,Bar,4.2,455
BIERGARTEN,Routine,5/31/2019,100,665,LAMAR,#110,75202,665 S LAMAR ST #110,5/1/2019,FY2019,32.7753252,-96.8033649,Bar,3.7,83
BISHOP CIDER COMPANY,Routine,6/20/2019,88,509,BISHOP,#C,75208,509 N BISHOP AVE #C,6/1/2019,FY2019,32.7492612,-96.8286338,Bar,4.4,2773
BOB'S STEAKHOUSE & KITCHEN,Routine,11/13/2019,95,555,LAMAR,#100,75202,555 S LAMAR ST #100,11/1/2019,FY2020,32.7751958,-96.8041208,Bar,4.6,165
BOCCE,Routine,2/7/2019,94,244,DAVIS,,75208,244 W DAVIS ST,2/1/2019,FY2019,32.7492819,-96.8262659,Bar,4.5,589
BOMBONES,Routine,12/11/2019,97,11917,NORTHWEST,,75218,11917 E NORTHWEST HWY,12/1/2019,FY2020,32.8647022,-96.675089,Bar,3.9,814
BOTTLED BLONDE DALLAS,Routine,9/17/2019,88,505,GOOD LATIMER,,75204,505 N GOOD LATIMER,9/1/2019,FY2019,32.7858083,-96.7891507,Bar,3.5,1192
BREAD WINNERS CAFE & BAKERY,Routine,6/13/2019,85,5560,LOVERS,#260,75209,5560 W LOVERS LN #260,6/1/2019,FY2019,32.8501457,-96.8182246,Bar,4.3,376
BREAD ZEPPELIN,Routine,3/26/2019,94,1300,MAIN,,75202,1300 MAIN ST,3/1/2019,FY2019,32.7799819,-96.8006744,Bar,4.3,423
BREWED AND PRESSED,Routine,12/30/2019,97,1775,PAYNE,#100,75207,1775 PAYNE #100,12/1/2019,FY2020,32.7917357,-96.8087904,Cafe,4.8,42
BRICK & BONES,Routine,9/25/2019,99,2713,ELM,,75226,2713 ELM ST,9/1/2019,FY2019,32.784675,-96.7841558,Bar,4.6,7
BRYAN STREET TACOS,Routine,3/19/2018,80,4823,BRYAN,,75204,4823 BRYAN ST,3/1/2018,FY2018,32.8038088,-96.7741233,Cafe,4.1,99
BRYAN STREET TAVERN,Follow-up,10/23/2019,80,4315,BRYAN,,75204,4315 BRYAN ST,10/1/2019,FY2020,32.7996706,-96.7792219,Bar,4.4,631
BUDA JUICE,Routine,10/14/2019,92,2422,VICTORY PARK,,75219,2422 VICTORY PARK LN,10/1/2019,FY2020,32.7882983,-96.8091856,Bar,4,103
BURGER FI,Routine,12/2/2019,84,5456,MOCKINGBIRD,#100,75206,5456 E MOCKINGBIRD LN #100,12/1/2019,FY2020,32.835829,-96.774179,Bar,4.5,527
BURGUNDY PASTURE BEEF,Routine,11/1/2018,94,3314,ROSS,#100,75204,3314 ROSS #100,11/1/2018,FY2019,32.7955315,-96.7885762,Bar,4.3,288
BURGUNDY SWINE,Routine,8/23/2019,99,2336,VICTORY PARK,,75219,2336 VICTORY PARK LN,8/1/2019,FY2019,32.7863062,-96.809243,Bar,4.4,321
CAFE BRAZIL,Routine,12/11/2019,88,2815,ELM,,75226,2815 ELM ST,12/1/2019,FY2020,32.7849572,-96.7830158,Cafe,4.2,1401
CAFE BRAZIL,Routine,11/25/2019,89,3851,CEDAR SPRINGS,#A,75219,3851 CEDAR SPRINGS RD #A,11/1/2019,FY2020,32.8100026,-96.8103594,Cafe,4.2,1046
CAFE BRAZIL,Routine,6/6/2019,86,611,BISHOP,101,75208,611 N BISHOP AVE 101,6/1/2019,FY2019,32.7497257,-96.8283143,Cafe,3.7,880
CAFE BRAZIL BAKERY,Routine,6/11/2019,88,2813,ELM,,75226,2813 ELM ST,6/1/2019,FY2019,32.7849588,-96.7831198,Cafe,4.2,1401
CAFE HERRERA,Routine,11/14/2019,86,665,LAMAR,#140,75202,665 S LAMAR #140,11/1/2019,FY2020,32.7753252,-96.8033649,Bar,3.7,83
CAFE LAYAL,Routine,11/21/2019,88,2825,COMMERCE,,75226,2825 COMMERCE ST,11/1/2019,FY2020,32.7836276,-96.7821591,Bar,4.4,456
CAFE SALSEPA,Routine,1/9/2020,93,2610,ELM,,75226,2610 ELM ST,1/1/2020,FY2020,32.7839405,-96.7860879,Cafe,4,442
CAFE' VICTORIA,Routine,10/14/2019,89,2422,VICTORY PARK,#100,75219,2422 VICTORY PARK LN #100,10/1/2019,FY2020,32.7882983,-96.8091856,Bar,4,103
CAMPUZANO,Routine,1/13/2020,88,2618,OAK LAWN,,75219,2618 OAK LAWN AVE,1/1/2020,FY2020,32.8057192,-96.8120093,Bar,4.4,1365
CANNON CORNER IRISH PUB,Routine,12/23/2019,80,1314,DAVIS,#110,75208,1314 W DAVIS ST #110,12/1/2019,FY2020,32.7492513,-96.8437268,Bar,4.7,104
CANTINA EL CUBETAZO,Routine,1/24/2019,100,4736,MAPLE,,75219,4736 MAPLE AVE,1/1/2019,FY2019,32.814693,-96.8262578,Bar,3.8,15
CANTINA LAREDO,Routine,10/30/2019,0,6025,ROYAL,#250,75230,6025 ROYAL LN #250,10/1/2019,FY2020,32.8961547,-96.8022961,Bar,4.4,885
CANTINA LAREDO,Routine,10/7/2019,91,8008,CEDAR SPRINGS,C2596,75235,8008 CEDAR SPRINGS RD C2596,10/1/2019,FY2020,32.8461301,-96.8511478,Bar,3.7,483
CAPITOL PUB,Routine,7/17/2019,80,2401,HENDERSON,,75214,2401 N HENDERSON AVE,7/1/2019,FY2019,32.8149558,-96.7788879,Bar,4.4,332
CEDAR & VINE,Routine,9/24/2019,83,9661,AUDELIA,#105,75238,9661 AUDELIA RD #105,9/1/2019,FY2019,32.8783699,-96.7187537,Bar,4.4,522
CEDAR SOCIAL,Routine,12/21/2019,74,1326,LAMAR,,75215,1326 S LAMAR ST,12/1/2019,FY2020,32.7680601,-96.7957093,Bar,4.4,104
CELEBRATIONS,Routine,9/5/2019,89,4503,LOVERS,,75209,4503 W LOVERS LN,9/1/2019,FY2019,32.8515581,-96.8332994,Bar,4.6,1503
CENTRAL CAFE & GRILL,Routine,12/2/2019,89,10000,CENTRAL,#129,75231,10000 N CENTRAL EXPW #129,12/1/2019,FY2020,32.8838551,-96.7690561,Bar,4.3,6
CHA CHA CHA,Routine,9/7/2019,81,4916,MILITARY,,75227,4916 MILITARY PKWY,9/1/2019,FY2019,32.7832565,-96.732131,Bar,3.5,13
CHANTILLY BAKERY,Routine,1/20/2019,99,116,JEFFERSON,,75208,116 W JEFFERSON BLVD,1/1/2019,FY2019,32.7430333,-96.8236119,Bar,4.5,222
CHARLEY'S GRILLED SUBS,Routine,2/4/2019,90,13350,DALLAS,3660,75240,13350 DALLAS PKWY 3660,2/1/2019,FY2019,32.9290218,-96.8200386,Bar,4.5,651
CHARLIES CREOLE KITCHEN,Routine,9/16/2019,92,2129,GREENVILLE,,75206,2129 GREENVILLE AVE,9/1/2019,FY2019,32.8161409,-96.7705932,Bar,4.3,379
CHAVEz CANTINA,Routine,6/20/2019,100,3300,SAMUELL,,75223,3300 SAMUELL BLVD,6/1/2019,FY2019,32.7926896,-96.7382363,Bar,3.3,12
CHEESE & CHUTNEY,Routine,2/5/2019,89,1318,DAVIS,,75208,1318 W DAVIS ST,2/1/2019,FY2019,32.7492326,-96.8437495,Bar,4.7,104
CHELSEA CORNER,Routine,9/25/2019,96,4830,MCKINNEY,,75205,4830 MCKINNEY AVE,9/1/2019,FY2019,32.8266351,-96.7851702,Bar,4.3,355
CHEVRON FOOD MART,Routine,2/14/2019,99,3306,GRAND,,75210,3306 GRAND AVE,2/1/2019,FY2019,32.7769138,-96.7654716,Cafe,3.5,1320
CHICK-FIL-A,Routine,9/25/2017,91,1521,COCKRELL HILL,,75211,1521 N COCKRELL HILL RD,9/1/2017,FY2017,32.7627301,-96.89727,Cafe,2.3,58
CHILI'S,Routine,10/30/2019,95,8008,CEDAR SPRINGS,C2396,75235,8008 CEDAR SPRINGS RD C2396,10/1/2019,FY2020,32.8461301,-96.8511478,Bar,3.7,483
CHILI'S GRILL & BAR,Routine,12/19/2019,85,2503,WHEATLAND,,75237,2503 W WHEATLAND RD,12/1/2019,FY2020,32.6481014,-96.8593926,Bar,3.5,1320
CHILI'S GRILL & BAR,Routine,11/26/2019,86,1610,COCKRELL HILL,,75211,1610 N COCKRELL HILL RD,11/1/2019,FY2020,32.7654399,-96.8949968,Bar,4,1653
CHILI'S GRILL & BAR,Routine,10/23/2019,81,246,CASA LINDA PLAZA,,75218,246 CASA LINDA PLAZA,10/1/2019,FY2020,32.832447,-96.7003272,Bar,4.1,980
CHILI'S GRILL & BAR,Routine,9/5/2019,83,2222,NORTHWEST,,75220,2222 W NORTHWEST HWY,9/1/2019,FY2019,32.8622926,-96.8951757,Bar,4,1054
CHINO CHINATOWN,Routine,8/29/2019,85,3011,GULDEN,#110,75212,3011 GULDEN LN #110,8/1/2019,FY2019,32.7793722,-96.8289924,Bar,4.2,455
CHIPOTLE MEXICAN GRILL,Routine,9/9/2019,98,8018,PARK,#105,75231,8018 PARK LN #105,9/1/2019,FY2019,32.8705513,-96.769036,Bar,4.1,600
CHIPOTLE MEXICAN GRILL,Routine,7/24/2017,91,208,MARKET,#100,75202,208 N MARKET ST #100,7/1/2017,FY2017,32.7804796,-96.806174,Cafe,4.3,101
CHRISTIES SPORTS BAR & DELI,Routine,11/12/2019,92,2811,MCKINNEY,#22,75204,2811 MCKINNEY AVE #22,11/1/2019,FY2020,32.7994872,-96.8011911,Bar,4.2,356
CIGARZ PIZZA,Routine,1/10/2020,85,7238,GASTON,,75214,7238 GASTON AVE,1/1/2020,FY2020,32.8124523,-96.7321566,Bar,4.3,542
CINEPOLIS LUXURY CINEMAS-BAR & CONCESSIONS,Routine,2/12/2019,96,2365,VICTORY,,75219,2365 VICTORY AVE,2/1/2019,FY2019,32.7852958,-96.8098801,Bar,4,607
CIRCO (KITCHEN),Routine,1/28/2019,88,2619,MCKINNEY,#120,75204,2619 MCKINNEY AVE #120,1/1/2019,FY2019,32.7969865,-96.8020285,Bar,4.4,587
CITIZEN,Routine,2/14/2019,97,2923,FAIRMOUNT,,75201,2923 FAIRMOUNT ST,2/1/2019,FY2019,32.7983471,-96.8064867,Bar,4.3,617
CITY CAFE,Routine,6/26/2019,86,5757,LOVERS,#103,75209,5757 W LOVERS LN #103,6/1/2019,FY2019,32.8514773,-96.8138735,Cafe,4.5,107
CITY COUNCIL RESTAURANT & BAR,Routine,8/29/2019,89,2901,THOMAS,,75204,2901 THOMAS AVE,8/1/2019,FY2019,32.7968187,-96.7971195,Bar,4.3,239
CLEAN JUICE,Routine,6/25/2019,100,1302,MAIN,,75202,1302 MAIN ST,6/1/2019,FY2019,32.7802399,-96.8006768,Bar,4.3,423
CLUB DADA,Routine,2/28/2019,97,2720,ELM,#101,75226,2720 ELM ST #101,2/1/2019,FY2019,32.7844257,-96.7838932,Bar,4.6,7
CLUB VINITY,Routine,1/8/2019,100,2810,ELM,,75226,2810 ELM ST,1/1/2019,FY2019,32.7845433,-96.7830718,Bar,4.6,628
CLUTCH BAR,Routine,9/26/2019,84,2520,CEDAR SPRINGS,,75201,2520 CEDAR SPRINGS RD,9/1/2019,FY2019,32.7987799,-96.8051779,Bar,3.9,880
COAL VINES,Routine,11/22/2019,95,5407,BELTLINE,,75240,5407 BELTLINE RD,11/1/2019,FY2020,32.9545077,-96.813172,Bar,4.3,274
COAL VINES,Routine,11/14/2019,95,665,LAMAR,#120,75202,665 S LAMAR ST #120,11/1/2019,FY2020,32.7753252,-96.8033649,Bar,3.7,83
COME TACO,Routine,12/12/2019,80,2513,FITZHUGH,,75204,2513 N FITZHUGH AVE,12/1/2019,FY2020,32.8123356,-96.7838107,Bar,4.3,916
COSMOPOLITAN,Routine,9/16/2019,96,1212,SKILLMAN,,75206,1212 SKILLMAN ST,9/1/2019,FY2019,32.8116257,-96.7614131,Bar,4.4,303
CRAFT & GROWLER,Routine,12/12/2019,98,3601,PARRY,,75226,3601 PARRY AVE,12/1/2019,FY2020,32.781429,-96.7667691,Bar,4.7,424
CRAFT-COOK HALL BAR,Routine,3/26/2019,92,2440,VICTORY PARK,,75219,2440 VICTORY PARK LN,3/1/2019,FY2019,32.7886525,-96.8090154,Bar,4,103
CRAFTY IRISHMAN PUBLIC HOUSE,Routine,1/8/2020,87,1800,MAIN,#1000,75201,1800 MAIN ST #1000,1/1/2020,FY2020,32.7810331,-96.7960457,Bar,4.1,1040
CRETIA'S,Routine,5/23/2019,83,228,DAVIS,,75208,228 W DAVIS ST,5/1/2019,FY2019,32.7492389,-96.8258437,Bar,4.5,589
CRIMSON ASIAN CUISINE,Routine,2/27/2019,90,3000,BLACKBURN,140C,75204,3000 BLACKBURN ST 140C,2/1/2019,FY2019,32.8088322,-96.7954868,Cafe,3.9,412
CRISP SALAD COMPANY,Routine,6/22/2018,87,2018,GREENVILLE,,75206,2018 GREENVILLE AVE,6/1/2018,FY2018,32.8145416,-96.7700497,Bar,4.5,1801
CROWD US,Routine,6/27/2019,95,2721,MAIN,,75226,2721 MAIN ST,6/1/2019,FY2019,32.7840951,-96.7835586,Bar,4.3,252
CRU FOOD & WINE BAR,Routine,10/7/2019,92,8008,CEDAR SPRINGS,C2261,75235,8008 CEDAR SPRINGS RD C2261,10/1/2019,FY2020,32.8461301,-96.8511478,Bar,3.7,483
CULINAIRE INTERNATIONAL BAR,Routine,10/23/2019,98,2301,FLORA,,75201,2301 FLORA ST,10/1/2019,FY2020,32.789971,-96.7986786,Bar,4.4,19
CULINAIRE INTERNATIONAL RESTAURANT,Routine,10/23/2019,97,2301,FLORA,#100,75201,2301 FLORA ST #100,10/1/2019,FY2020,32.789971,-96.7986786,Bar,4.4,19
CVS,Routine,8/9/2019,96,150,ILLINOIS,,75216,150 E ILLINOIS,8/1/2019,FY2019,32.7198656,-96.8222879,Bar,5,1
DALAT RESTAURANT & BAR,Routine,12/12/2019,81,2537,FITZHUGH,,75204,2537 N FITZHUGH AVE,12/1/2019,FY2020,32.8125835,-96.7842296,Bar,4.3,916
DALLAS COMEDY HOUSE,Routine,12/4/2019,97,3036,ELM,#100,75226,3036 ELM ST #100,12/1/2019,FY2020,32.7852866,-96.7793722,Bar,4.5,470
DALLAS GRILLED CHEESE CO,Routine,8/12/2019,91,310,7TH,,75208,310 W 7TH ST,8/1/2019,FY2019,32.7485727,-96.8273496,Cafe,4.3,1218
DALLAS GRILLED CHEESE CO,Routine,8/30/2019,85,5319,MOCKINGBIRD,#120,75206,5319 E MOCKINGBIRD ST #120,8/1/2019,FY2019,32.8384272,-96.7763785,Bar,4.5,195
DANTE'S ITALIAN EATERY,Routine,5/21/2018,97,208,MARKET,#150,75202,208 N MARKET ST #150,5/1/2018,FY2018,32.7804796,-96.806174,Cafe,4.3,101
DAQ'S & RAQ'S,Routine,6/18/2019,84,4607,VILLAGE FAIR,#101A,75224,4607 VILLAGE FAIR DR #101A,6/1/2019,FY2019,32.6904392,-96.8280237,Bar,4.4,173
DAVE & BUSTERS,Routine,10/23/2019,91,9450,CENTRAL,,75231,9450 N CENTRAL EXPW,10/1/2019,FY2020,32.8773645,-96.7690559,Bar,4.3,4883
DEEP ELLUM BREWING COMPANY,Routine,8/22/2019,98,2821,ST LOUIS,,75226,2821 ST LOUIS ST,8/1/2019,FY2019,32.780772,-96.781694,Bar,4.6,680
DEEP ELLUM BREWING COMPANY (IN-HOUSE CATERING),Routine,10/13/2016,100,2823,ST. LOUIS,,75226,2823 ST. LOUIS ST,10/1/2016,FY2017,32.7807511,-96.7817379,Bar,4.6,680
DEEP ELLUM HOSTEL,Routine,9/12/2019,100,2801,ELM,,75226,2801 ELM ST,9/1/2019,FY2019,32.7848653,-96.7834969,Cafe,4.2,1401
DEL FRISCO'S DOUBLE EAGLE STEAK HOUSE,Routine,10/22/2019,90,2323,OLIVE,,75201,2323 OLIVE ST,10/1/2019,FY2020,32.7915233,-96.8036375,Bar,4.7,1051
DELICIOUS RESTAURANT,Routine,4/9/2019,87,5209,LAMAR,,75215,5209 S LAMAR ST,4/1/2019,FY2019,32.7439182,-96.7603265,Cafe,4.4,96
DELTA CHARLIE'S BAR & GRILL,Routine,9/30/2019,83,5303,CHALLENGER,,75237,5303 CHALLENGER DR,9/1/2019,FY2019,32.6807951,-96.8647113,Bar,4.4,504
DELUCCA GUACHO PIZZA,Routine,12/17/2019,97,1628,OAK LAWN,#100,75207,1628 OAK LAWN AVE #100,12/1/2019,FY2020,32.7970641,-96.8191461,Bar,4.2,548
DOC 'B'S FRESH KITCHEN,Routine,12/31/2019,89,2021,MCKINNEY,,75201,2021 MCKINNEY AVE,12/1/2019,FY2020,32.7912598,-96.8036071,Bar,4.7,1051
DODIES REEF,Follow-up,10/22/2019,85,2821,GREENVILLE,,75206,2821 GREENVILLE AVE,10/1/2019,FY2020,32.8233466,-96.77038,Bar,4.6,801
DOMINO'S PIZZA,Routine,1/9/2020,95,9661,AUDELIA,#121,75238,9661 AUDELIA RD #121,1/1/2020,FY2020,32.8783699,-96.7187537,Bar,4.4,522
DONUT TOWN,Routine,11/23/2018,98,8686,FERGUSON,#210,75228,8686 FERGUSON RD #210,11/1/2018,FY2019,32.8122051,-96.6986993,Bar,4.4,332
DOT'S HOP HOUSE & COCKTAIL COURTYARD,Routine,7/31/2019,96,2645,COMMERCE,,75226,2645 COMMERCE ST,7/1/2019,FY2019,32.7831532,-96.7844144,Bar,4.5,1385
DOUBLE TREE LOVE FIELD SPORTS PAGE GRILL,Routine,5/24/2019,90,3300,MOCKINGBIRD,,75235,3300 W MOCKINGBIRD LN,5/1/2019,FY2019,32.8340783,-96.8361886,Bar,4.2,98
DRAGON BREATH,Routine,8/6/2018,86,13350,DALLAS,,75240,13350 DALLAS EXPW,8/1/2018,FY2018,32.9290218,-96.8200386,Bar,4.5,651
DRIVE IN MOBIL MART,Routine,11/8/2019,92,5711,EAST GRAND,,75223,5711 EAST GRAND AVE,11/1/2019,FY2020,32.7947868,-96.7465365,Bar,3.8,8
DUNKIN DONUTS,Routine,12/22/2019,95,8008,CEDAR SPRINGS,L2103,75235,8008 CEDAR SPRINGS RD L2103,12/1/2019,FY2020,32.8461301,-96.8511478,Bar,3.7,483
E-BAR TEX MEX RESTAURANT,Routine,12/16/2019,82,1901,HASKELL,#100,75204,1901 N HASKELL AVE #100,12/1/2019,FY2020,32.801355,-96.7857748,Bar,4.5,1264
E-BAR TEX-MEX,Routine,12/16/2019,95,1901,HASKELL,#100,75204,1901 HASKELL AVE #100,12/1/2019,FY2020,32.801355,-96.7857748,Bar,4.5,1264
EAST BOUND AND DOWN ICE HOUSE,Routine,10/30/2019,83,3826,ROSS,,75204,3826 ROSS AVE,10/1/2019,FY2020,32.7984548,-96.7851023,Bar,4.7,210
EAST GRAND CANTINA,Routine,6/20/2019,92,5623,GRAND,,75223,5623 E GRAND AVE,6/1/2019,FY2019,32.794453,-96.7468975,Bar,3.8,8
EAST HAMPTON SANDWICH CO.,Routine,12/11/2019,91,200,CRESCENT,#100,75201,200 CRESCENT CT #100,12/1/2019,FY2020,32.7936538,-96.8039079,Cafe,4.4,335
EASY SLIDER,Routine,11/14/2019,91,2701,MAIN,#110,75226,2701 MAIN ST #110,11/1/2019,FY2020,32.7840448,-96.7840816,Bar,4.6,558
EATZI'S,Routine,2/21/2019,94,6025,ROYAL,#208,75230,6025 ROYAL LN #208,2/1/2019,FY2019,32.8957857,-96.80207,Bar,4.4,885
EBB & FLOW,Routine,9/24/2019,99,2651,COMMERCE,#100,75226,2651 COMMERCE ST #100,9/1/2019,FY2019,32.7831622,-96.784247,Bar,4.5,1385
EDDIE V'S PRIME SEAFOOD,Routine,9/11/2019,92,4023,OAK LAWN,#110,75219,4023 OAK LAWN AVE #110,9/1/2019,FY2019,32.8179976,-96.8028656,Bar,4.7,970
EGYPTIAN RESTAURANT,Routine,9/11/2019,94,5610,MOCKINGBIRD,,75206,5610 E MOCKINGBIRD LN,9/1/2019,FY2019,32.8362477,-96.7716714,Bar,4.4,1398
EGYPTIAN RESTAURANT,Routine,9/11/2019,97,5614,MOCKINGBIRD,,75206,5614 E MOCKINGBIRD LN,9/1/2019,FY2019,32.8362337,-96.771525,Bar,4.4,1398
EIGHT BELLS ALEHOUSE,Routine,2/26/2019,97,831,EXPOSITION,#C,75226,831 EXPOSITION AVE #C,2/1/2019,FY2019,32.7821042,-96.766904,Bar,4.3,724
EIGHTEEN NINETY MARKETPLACE,Routine,2/26/2019,98,2642,MAIN,#150,75226,2642 MAIN ST #150,2/1/2019,FY2019,32.7834028,-96.7846655,Bar,4.5,1385
EIGHTY TWENTY ROOF BAR,Routine,10/29/2018,82,2008,GREENVILLE,,75206,2008 GREENVILLE AVE,10/1/2018,FY2019,32.8141897,-96.7700374,Bar,4.5,1801
EL BOLERO,Routine,8/19/2019,85,1201,OAK LAWN,#160,75207,1201 OAK LAWN AVE #160,8/1/2019,FY2019,32.7932073,-96.8231258,Bar,4.2,671
EL BOTANERO BAR,Routine,7/5/2019,88,3049,NORTHWEST,,75220,3049 W NORTHWEST HWY,7/1/2019,FY2019,32.8555454,-96.8693957,Bar,4.1,87
EL FENIX,Routine,12/11/2019,93,120,COLORADO,,75203,120 E COLORADO BLVD,12/1/2019,FY2020,32.7584687,-96.8219917,Bar,4,1339
EL FENIX,Routine,12/26/2019,93,255,CASA LINDA PLAZA,,75218,255 CASA LINDA PLAZA,12/1/2019,FY2020,32.8330268,-96.7006992,Bar,4.3,1061
EL FENIX,Routine,12/16/2019,86,6811,NORTHWEST,,75225,6811 W NORTHWEST HWY,12/1/2019,FY2020,32.866197,-96.788269,Bar,4.2,497
EL FENIX,Routine,9/23/2019,90,5622,LEMMON,,75209,5622 LEMMON AVE,9/1/2019,FY2019,32.829429,-96.8251452,Bar,4.1,863
EL FENIX,Routine,7/15/2019,81,1601,MCKINNEY,,75202,1601 MCKINNEY AVE,7/1/2019,FY2019,32.7874404,-96.8048568,Bar,4.2,3177
EL INFIERNO,Routine,1/24/2019,97,4734,MAPLE,,75219,4734 MAPLE AVE,1/1/2019,FY2019,32.814761,-96.8261092,Bar,3.8,15
EL POLLO LOCO,Routine,10/10/2019,91,9425,FOREST,,75243,9425 FOREST LN,10/1/2019,FY2020,32.9096579,-96.734869,Cafe,3.2,655
EL REGIO,Routine,8/26/2019,80,315,JEFFERSON,,75203,315 E JEFFERSON BLVD,8/1/2019,FY2019,32.7452196,-96.8200189,Bar,4.4,134
ELLEN'S SOUTHERN KITCHEN,Routine,10/22/2019,92,1701,MARKET,#130,75202,1701 N MARKET ST #130,10/1/2019,FY2020,32.781616,-96.8070186,Bar,4.2,1028
ETHIOPIAN AMERICAN KIDS MINISTRIE,Routine,11/7/2019,91,9560,SKILLMAN,#106,75243,9560 SKILLMAN ST #106,11/1/2019,FY2020,32.9063438,-96.709684,Cafe,5,3
EXPO,Routine,11/12/2017,88,3611,PARRY,,75226,3611 PARRY AVE,11/1/2017,FY2018,32.7816681,-96.7667427,Bar,4.7,424
EXPRESS SHOP,Routine,10/30/2019,100,200,CRESCENT,#50-B,75201,200 CRESCENT CT #50-B,10/1/2019,FY2020,32.7936538,-96.8039079,Cafe,4.4,335
EXPRESS SHOP III,Routine,12/3/2019,98,2021,MCKINNEY,#110,75201,2021 MCKINNEY AVE #110,12/1/2019,FY2020,32.7912598,-96.8036071,Bar,4.7,1051
FAT RABBIT - INSIDE BAR,Routine,10/21/2016,98,2533,MCKINNEY,,75201,2533 MCKINNEY AVE,10/1/2016,FY2017,32.7962611,-96.8020489,Bar,4.2,354
FERRIS  FERRIS BACKYARD AND BBQ-BAR,Routine,8/30/2019,95,1950,MARKET CENTER,,75207,1950 N MARKET CENTER BLVD,8/1/2019,FY2019,32.797508,-96.8243268,Bar,4.3,746
FERRIS BACKYARD AND BBQ,Routine,8/30/2019,87,1950,MARKET CENTER,,75207,1950 MARKET CENTER BLVD,8/1/2019,FY2019,32.797508,-96.8243268,Bar,4.3,746
FILAMENT RESTAURANT,Routine,4/15/2017,93,2626,MAIN,,75226,2626 MAIN ST,4/1/2017,FY2017,32.783313,-96.785329,Bar,4.6,2477
FIRST WATCH,Routine,11/15/2019,93,9285,LOOKOUT POINT,,75231,9285 LOOKOUT POINT,11/1/2019,FY2020,32.8779301,-96.7335464,Cafe,4.2,115
FITZHUGH CHEVRON,Routine,5/30/2019,81,4151,CENTRAL,,75204,4151 N CENTRAL EXPW,5/1/2019,FY2019,32.8156284,-96.7903738,Cafe,3.5,934
FIVE GUYS BURGERS AND FRIES,Routine,2/13/2019,94,13350,DALLAS,#975,75240,13350 DALLAS PKWY #975,2/1/2019,FY2019,32.9290218,-96.8200386,Bar,4.5,651
FLOWER CHILD,Routine,7/30/2019,92,5959,ROYAL,#542,75230,5959 ROYAL LN #542,7/1/2019,FY2019,32.8957338,-96.8057356,Cafe,4.2,125
FOGO DE CHAO,Routine,10/31/2019,96,2619,MCKINNEY,#150,75201,2619 MCKINNEY AVE #150,10/1/2019,FY2020,32.7969865,-96.8020285,Bar,4.4,587
FOX & HOUND,Routine,10/15/2019,94,18918,MIDWAY,#200,75252,18918 MIDWAY RD #200,10/1/2019,FY2020,33.0093777,-96.8429308,Bar,3.8,693
FOXTROT,Routine,11/13/2019,94,2822,MCKINNEY,,75204,2822 MCKINNEY AVE,11/1/2019,FY2020,32.7992913,-96.800729,Bar,4.5,630
FRENCH BAKERY,Routine,2/28/2018,91,9560,SKILLMAN,#111,75243,9560 SKILLMAN ST #111,2/1/2018,FY2018,32.9063438,-96.709684,Cafe,5,3
FUJI JAPANESE RESTAURANT,Routine,4/13/2017,83,12817,PRESTON,#112,75230,12817 PRESTON RD #112,4/1/2017,FY2017,32.9232757,-96.8046858,Bar,4.1,581
FULL CITY ROOSTER,Routine,11/18/2019,96,1810,AKARD,#100,75215,1810 S AKARD ST #100,11/1/2019,FY2020,32.7676891,-96.7896051,Bar,4.5,682
GARDEN CAFE,Routine,9/16/2019,89,5310,JUNIUS,,75214,5310 JUNIUS ST,9/1/2019,FY2019,32.8025279,-96.7635636,Cafe,4.4,433
GAS MONKEY BAR N GRILL/BAR,Routine,4/18/2019,98,10261,TECHNOLOGY,E,75220,10261 TECHNOLOGY BLVD E,4/1/2019,FY2019,32.8608294,-96.8960588,Bar,4.4,8242
GAS MONKEY GRILL,Routine,11/14/2019,81,10261,TECHNOLOGY,,75220,10261 E TECHNOLOGY BLVD,11/1/2019,FY2020,32.8608294,-96.8960588,Bar,4.4,8242
GATEWAY NEWSTAND,Routine,7/22/2019,97,700,PEARL,#N108,75201,700 N PEARL EXPW #N108,7/1/2019,FY2019,32.787345,-96.795515,Cafe,3.3,94
GET FRIED,Routine,8/8/2019,89,2656,MAIN,#130,75226,2656 MAIN ST #130,8/1/2019,FY2019,32.783601,-96.784247,Bar,4.6,558
GIUSEPPE'S ITALIAN KITCHEN,Routine,4/29/2019,80,4900,BRYAN,#A,75206,4900 BRYAN ST #A,4/1/2019,FY2019,32.8036236,-96.773055,Bar,4.3,265
GLORIA'S RESTAURANT,Routine,12/16/2019,96,3223,LEMMON,100,75204,3223 LEMMON AVE 100,12/1/2019,FY2020,32.8069618,-96.8002784,Bar,4.1,386
GODIVA CHOCOLATIER,Routine,2/22/2019,92,13350,DALLAS,#1200,75240,13350 DALLAS PKWY #1200,2/1/2019,FY2019,32.9290218,-96.8200386,Bar,4.5,651
GOLD RUSH CAFE,Routine,7/8/2019,84,1913,SKILLMAN,,75206,1913 SKILLMAN ST,7/1/2019,FY2019,32.8130414,-96.7621656,Bar,4.2,116
GORDON BIERSCH BREWERY RESTAURANT,Routine,8/12/2017,88,8060,PARK,B-125,75231,8060 PARK LN STE B-125,8/1/2017,FY2017,32.8705371,-96.7684762,Bar,4.1,600
GRANADA THEATER,Routine,9/26/2019,97,3524,GREENVILLE,,75206,3524 GREENVILLE AVE,9/1/2019,FY2019,32.8308235,-96.7697851,Bar,4.5,639
GREAT ONE COOKIE COMPANY,Routine,10/16/2019,92,3111,MONTICELLO,#B,75205,3111 MONTICELLO AVE #B,10/1/2019,FY2020,32.8268352,-96.7859422,Bar,4.8,8
GREEK CAFE,Routine,11/25/2019,80,334,DAVIS,,75208,334 W DAVIS ST,11/1/2019,FY2020,32.7493045,-96.8281235,Bar,4.4,2773
GREEN BIOTICS,Routine,2/20/2019,100,13350,DALLAS,#2620,75240,13350 DALLAS PKWY #2620,2/1/2019,FY2019,32.9290218,-96.8200386,Bar,4.5,651
GREEN GROCER,Routine,11/20/2017,93,3614,GREENVILLE,,75206,3614 GREENVILLE AVE,11/1/2017,FY2018,32.8320059,-96.769827,Bar,4.2,432
GREEN ROOM LIVE,Routine,6/27/2019,95,2715,ELM,,75226,2715 ELM ST,6/1/2019,FY2019,32.78477,-96.7841432,Bar,4.6,7
GRILL ON THE ALLEY-DALLAS GALLERIA,Routine,8/19/2019,82,13270,DALLAS,1155,75240,13270 DALLAS PKWY 1155,8/1/2019,FY2019,32.929104,-96.820094,Bar,4.5,651
GRIMALDI'S PIZZERIA,Routine,2/28/2019,95,3636,MCKINNEY,190,75204,3636 MCKINNEY AVE 190,2/1/2019,FY2019,32.807096,-96.796196,Bar,4.4,767
GRIMALDI'S PIZZERIA,Routine,1/16/2019,95,8060,PARK,105,75231,8060 PARK LN STE 105,1/1/2019,FY2019,32.8705371,-96.7684762,Bar,4.1,600
GUNG HO,Routine,9/22/2019,76,2010,GREENVILLE,#A&B,75206,2010 GREENVILLE AVE #A&B,9/1/2019,FY2019,32.8142866,-96.7700053,Bar,4.5,1801
HALCYON & STELLA PUBLIC HOUSE CLUB,Routine,12/16/2019,84,2900,GREENVILLE,,75206,2900 GREENVILLE AVE,12/1/2019,FY2020,32.8240392,-96.7699063,Bar,4.4,267
HAMPTON MART,Routine,8/23/2019,80,8435,HAMPTON,,75232,8435 S HAMPTON RD,8/1/2019,FY2019,32.6446447,-96.8574224,Cafe,3.7,896
HAPPIEST HOUR,Follow-up,9/30/2019,97,2616,OLIVE,,75201,2616 OLIVE ST,9/1/2019,FY2019,32.791163,-96.8066733,Bar,4.4,3158
HARDEMAN'S B B Q & CATERING,Routine,12/31/2019,89,2425,KIEST,,75233,2425 W KIEST BLVD,12/1/2019,FY2020,32.706304,-96.858026,Bar,4.5,643
HARLOWE MXM (LEFT),Routine,2/14/2019,100,2823,MAIN,,75226,2823 MAIN ST,2/1/2019,FY2019,32.7843017,-96.7824996,Bar,4.2,470
HATCHWAYS,Routine,11/4/2019,96,2346,VICTORY PARK,,75219,2346 VICTORY PARK LN,11/1/2019,FY2020,32.7865954,-96.8090623,Bar,4.4,321
HAVANA ROOM SOCIAL CLUB,Routine,3/24/2017,89,3030,OLIVE,#103,75219,3030 OLIVE ST #103,3/1/2017,FY2017,32.7896726,-96.8093052,Bar,3.9,168
HAYSTACK BURGERS & BARLEY,Routine,8/28/2019,90,3838,OAK LAWN,#175,75219,3838 OAK LAWN AVE #175,8/1/2019,FY2019,32.8144645,-96.8014862,Bar,4.6,280
HEROES SPORTS GRILL,Routine,8/31/2019,85,3094,STEMMONS,,75247,3094 N STEMMONS FRWY,8/1/2019,FY2019,32.8126914,-96.86077,Bar,4.2,1342
HIBIKI,Routine,4/24/2019,90,2651,COMMERCE,#120,75226,2651 COMMERCE ST #120,4/1/2019,FY2019,32.7831622,-96.784247,Bar,4.5,1385
HIDE,Routine,9/25/2019,93,2816,ELM,,75226,2816 ELM ST,9/1/2019,FY2019,32.7846536,-96.7828928,Cafe,4.2,1401
HIGH & TIGHT,Routine,2/27/2019,100,2701,MAIN,#180,75226,2701 MAIN ST #180,2/1/2019,FY2019,32.7840448,-96.7840816,Bar,4.6,558
HIGH FIVE,Routine,7/25/2019,80,1804,MCMILLAN,,75206,1804 MCMILLAN AVE,7/1/2019,FY2019,32.8117773,-96.7743709,Bar,3.9,225
HIGHLAND DALLAS - KNIFE,Routine,7/25/2019,100,5300,MOCKINGBIRD,,75206,5300 E MOCKINGBIRD LN,7/1/2019,FY2019,32.8361309,-96.7780191,Bar,4.4,648
HOFFBRAU STEAKS,Routine,11/1/2016,85,311,MARKET,#100,75202,311 N MARKET ST #100,11/1/2016,FY2017,32.7812264,-96.8070088,Bar,4.2,1028
HONDURAS FRESH COFFEE,Routine,4/27/2019,93,9219,GARLAND,#2109,75218,9219 GARLAND RD #2109,4/1/2019,FY2019,32.8308994,-96.7068422,Bar,4.6,144
"HOOK, LINE & SINKER",Routine,7/17/2019,89,3103,LEMMON,,75204,3103 LEMMON AVE,7/1/2019,FY2019,32.8058951,-96.798724,Bar,4.4,1407
HOT OFF THE PRESS DALLAS,Routine,9/19/2019,95,1920,MAIN,,75201,1920 MAIN ST,9/1/2019,FY2019,32.7812777,-96.7953511,Bar,4.1,1040
HOUNDSTOOTH COFFEE,Routine,11/7/2019,83,1802,MCMILLAN,#B,75206,1802 MCMILLAN #B,11/1/2019,FY2020,32.811514,-96.7743709,Bar,3.9,225
HOUNDSTOOTH COFFEE,Routine,1/14/2019,90,9730,CENTRAL,,75231,9730 N CENTRAL EXPW,1/1/2019,FY2019,32.8809211,-96.7692617,Bar,4,565
HOWARD WANG'S UPTOWN,Routine,7/17/2019,85,3223,LEMMON,103,75204,3223 LEMMON AVE 103,7/1/2019,FY2019,32.8067299,-96.8006023,Bar,4.1,386
HQ PRIME BEER GARDEN,Routine,9/18/2019,90,9810,CENTRAL,#600,75231,9810 N CENTRAL EXPW #600,9/1/2019,FY2019,32.881353,-96.7691829,Bar,4,565
HUGE GUYZZ KITCHEN,Routine,9/20/2019,91,4607,VILLAGE FAIR,#101,75224,4607 VILLAGE FAIR DR #101,9/1/2019,FY2019,32.6904392,-96.8280237,Bar,4.4,173
HYENA'S COMEDY CLUB,Routine,8/1/2019,88,5321,MOCKINGBIRD,220,75206,5321 E MOCKINGBIRD LN STE 220,8/1/2019,FY2019,32.8382614,-96.7754164,Bar,4.5,834
I LOVE JUICE BAR,Routine,3/6/2019,83,8018,PARK LANE,#120,75231,8018 PARK LANE #120,3/1/2019,FY2019,32.8706206,-96.7690028,Bar,4.1,600
IBEX EHIOPIAN CUISINE & BAR,Routine,11/13/2019,90,12255,GREENVILLE,#130,75243,12255 GREENVILLE AVE #130,11/1/2019,FY2020,32.914595,-96.745884,Cafe,4.4,9
ICHIGOH RAMEN LOUNGE,Routine,9/25/2019,97,2724,COMMERCE,,75226,2724 COMMERCE ST,9/1/2019,FY2019,32.7828767,-96.7836304,Bar,4.5,1746
INDIA PALACE RESTAURANT,Routine,10/3/2019,88,12817,PRESTON,#105,75230,12817 PRESTON RD #105,10/1/2019,FY2020,32.9232686,-96.8044138,Bar,4.1,581
IT'SUGAR,Routine,10/15/2019,96,2401,VICTORY PARK,#170,75219,2401 VICTORY PARK LN #170,10/1/2019,FY2020,32.788122,-96.810011,Bar,4.1,124
IVY KITCHEN,Routine,10/28/2019,90,5409,BELTLINE,100,75254,5409 BELTLINE RD 100,10/1/2019,FY2020,32.9547771,-96.812981,Bar,4.4,221
IVY TAVERN,Routine,7/11/2019,90,5334,LEMMON,,75209,5334 LEMMON AVE,7/1/2019,FY2019,32.8269035,-96.8225944,Bar,4.3,522
IXTAPA BAY RESTAURANT,Routine,9/4/2019,89,10221,GARLAND,,75218,10221 GARLAND RD,9/1/2019,FY2019,32.8410488,-96.6938256,Bar,3.9,263
JALISCO,Routine,8/28/2019,91,3858,OAK LAWN,#470,75219,3858 OAK LAWN #470,8/1/2019,FY2019,32.8147309,-96.8008653,Bar,4.4,495
JAMBA JUICE,Routine,2/13/2019,92,13350,DALLAS,3080,75240,13350 DALLAS PKWY STE 3080,2/1/2019,FY2019,32.9290218,-96.8200386,Bar,4.5,651
JANE'S CAFE,Routine,12/12/2016,99,3847,CEDAR SPRINGS,,75219,3847 CEDAR SPRINGS RD,12/1/2016,FY2017,32.8099476,-96.8101715,Cafe,4.2,1046
JAVIER'S RESTAURANT,Routine,9/25/2019,92,4912,COLE,,75206,4912 COLE AVE,9/1/2019,FY2019,32.8279059,-96.785999,Bar,4.5,867
JED'S GRILL,Routine,8/19/2019,87,1001,JEFFERSON,,75208,1001 W JEFFERSON BLVD,8/1/2019,FY2019,32.7433748,-96.8395954,Bar,4.5,524
JERRY'S SUPERMARKET,Routine,12/13/2019,80,2314,ILLINOIS,,75224,2314 W ILLINOIS AVE,12/1/2019,FY2020,32.7191762,-96.8563031,Bar,3.9,84
JOE'S BAR & GRILL,Routine,1/6/2020,91,3636,FRANKFORD,390,75287,3636 FRANKFORD RD 390,1/1/2020,FY2020,32.9958444,-96.8533806,Bar,4,365
JUICE ZONE,Routine,8/20/2018,95,13350,DALLAS,#520,75240,13350 DALLAS PKWY #520,8/1/2018,FY2018,32.9290218,-96.8200386,Bar,4.5,651
KABUKI RESTAURANTS,Routine,2/23/2018,97,13270,DALLAS,#1165,75240,13270 DALLAS PKWY #1165,2/1/2018,FY2018,32.929104,-96.820094,Bar,4.5,651
KATE WEISER CHOCOLATE,Routine,10/8/2018,99,3011,GULDEN,#115,75212,3011 GULDEN LN #115,10/1/2018,FY2019,32.7793722,-96.8289924,Bar,4.2,455
KAY'S RESTAURANT & BAR,Routine,10/30/2019,85,8010,STEMMONS,,75247,8010 N STEMMONS FRWY,10/1/2019,FY2020,32.8233153,-96.8701576,Bar,4.2,521
KIEST FOOD MART,Routine,2/11/2019,95,2419,KIEST,,75233,2419 W KIEST BLVD,2/1/2019,FY2019,32.7063101,-96.8577083,Bar,4.5,643
KING'S ZONE,Routine,8/9/2019,84,1294,LEDBETTER,,75216,1294 E LEDBETTER DR,8/1/2019,FY2019,32.6822776,-96.803221,Bar,4.2,168
KOMALI,Routine,8/7/2019,81,4152,COLE,#106,75204,4152 COLE AVE #106,8/1/2019,FY2019,32.8161232,-96.7921513,Bar,4.8,143
KUNG FU SALOON,Routine,9/26/2019,93,2911,ROUTH,,75201,2911 ROUTH ST,9/1/2019,FY2019,32.7988713,-96.8050783,Bar,3.9,880
LA ACAPULQUENA RESTAURANT,Follow-up,1/13/2020,88,2706,SAMUELL,,75223,2706 SAMUELL BLVD,1/1/2020,FY2020,32.7926949,-96.7479136,Bar,4.3,615
LA CALLE DOCE IN LAKEWOOD,Routine,8/22/2019,91,1925,SKILLMAN,,75206,1925 SKILLMAN ST,8/1/2019,FY2019,32.8134696,-96.7620279,Bar,4.4,815
LA JAVITA,Routine,8/19/2019,86,9508,OVERLAKE,,75220,9508 OVERLAKE DR,8/1/2019,FY2019,32.8572473,-96.8687331,Bar,3.9,224
LA JAVITA RESTAURANT,Routine,11/4/2019,82,6839,HARRY HINES,,75235,6839 HARRY HINES BLVD,11/1/2019,FY2020,32.824742,-96.854133,Bar,3.8,399
LA MAREA RESTAURANT,Routine,11/8/2017,100,3004,NORTHWEST,,75220,3004 W NORTHWEST HWY,11/1/2017,FY2018,32.8547555,-96.8709955,Bar,4.4,138
LA MOVIDA GRILL & BAR,Routine,8/14/2019,94,1222,RIVERFRONT,,75207,1222 RIVERFRONT BLVD,8/1/2019,FY2019,32.764113,-96.8009136,Bar,4,146
LAKE HIGHLAND DONUTS,Routine,9/24/2019,81,9661,AUDELIA,107,75238,9661 AUDELIA RD STE 107,9/1/2019,FY2019,32.8783699,-96.7187537,Bar,4.4,522
LAKEWOOD EXXON,Routine,11/7/2019,91,1701,SKILLMAN,,75206,1701 SKILLMAN ST,11/1/2019,FY2020,32.8119846,-96.7622915,Bar,4.4,286
LAKEWOOD GROWLER,Routine,11/15/2018,98,6448,MOCKINGBIRD,,75214,6448 E MOCKINGBIRD LN,11/1/2018,FY2019,32.8354556,-96.7514075,Bar,4.9,70
LAKEWOOD LANDING,Routine,12/18/2019,77,5818,LIVE OAK,,75214,5818 LIVE OAK ST,12/1/2019,FY2020,32.8121064,-96.7612234,Bar,4.6,368
LAS ALMAS ROTAS,Routine,1/28/2017,88,3615,PARRY,,75226,3615 PARRY AVE,1/1/2017,FY2017,32.7818666,-96.766709,Bar,4.3,724
LAS FLAMAS,Follow-up,8/21/2019,86,13937,CENTRAL,,75243,13937 N CENTRAL EXPW,8/1/2019,FY2019,32.9386775,-96.7493365,Bar,4.1,406
LAS PALMAS,Routine,12/18/2019,94,2708,ROUTH,,75201,2708 ROUTH ST,12/1/2019,FY2020,32.7975237,-96.8026571,Bar,4.7,167
LAS RANITAS RESTAURANT,Routine,7/22/2019,92,325,JEFFERSON,,75208,325 E JEFFERSON BLVD,7/1/2019,FY2019,32.7454631,-96.8197782,Bar,4.4,134
LEE HARVEY'S,Routine,11/18/2019,84,1807,GOULD,,75215,1807 GOULD ST,11/1/2019,FY2020,32.7680452,-96.7896562,Bar,4.5,682
LIL CAJUN GRILL& SPORTS CUISINE,Routine,9/22/2019,84,5215,SINGING HILLS,,75241,5215 SINGING HILLS DR,9/1/2019,FY2019,32.681971,-96.803049,Bar,4.2,168
LIL' FRIDAYS,Routine,9/11/2019,97,19111,DALLAS,#165,75287,19111 DALLAS PKWY #165,9/1/2019,FY2019,33.0089644,-96.830494,Bar,2.4,30
LION FOOD MART,Routine,7/24/2019,98,7272,GASTON,,75214,7272 GASTON AVE,7/1/2019,FY2019,32.8120884,-96.731608,Bar,4.5,136
LIPSTICK GENTLEMAN'S CLUB,Routine,11/14/2019,81,10859,HARRY HINES,,75220,10859 HARRY HINES BLVD,11/1/2019,FY2020,32.876634,-96.884963,Bar,3.9,226
LISA'S DONUTS,Routine,2/12/2019,96,3920,ROSEMEADE,160,75287,3920 ROSEMEADE 160,2/1/2019,FY2019,33.0100013,-96.8462524,Bar,4,4
LITTLE DIPPER CAFETERIA,Routine,10/10/2019,94,1626,MAIN,,75201,1626 MAIN ST,10/1/2019,FY2020,32.780805,-96.7973033,Cafe,4.7,110
LITTLE GREEK PRESTON HOLLOW,Routine,9/11/2019,95,9665,CENTRAL,,75225,9665 N CENTRAL EXPW,9/1/2019,FY2019,32.8783378,-96.7714446,Cafe,4.4,667
LITTLE KATANA - BLACK SHIP,Routine,11/14/2019,94,665,LAMAR,#130,75201,665 S LAMAR ST #130,11/1/2019,FY2020,32.7753252,-96.8033649,Bar,3.7,83
LOCKHART SMOKE HOUSE,Routine,12/19/2019,81,400,DAVIS,,75208,400 W DAVIS ST,12/1/2019,FY2020,32.7493216,-96.8286367,Bar,4.4,2773
LONE STAR WINGS,Routine,8/12/2019,91,6155,SAMUELL,#200,75228,6155 SAMUELL BLVD #200,8/1/2019,FY2019,32.7926955,-96.6984428,Bar,4.1,531
LOTA'S GOAT,Routine,12/27/2018,88,7248,GASTON,,75214,7248 GASTON AVE,12/1/2018,FY2019,32.812369,-96.732073,Bar,4.3,542
LOVERS EGG ROLL,Routine,11/19/2019,82,16627,COIT,,75248,16627 COIT RD,11/1/2019,FY2020,32.9806775,-96.7689087,Bar,4.1,847
LOVERS PIZZA & PASTA,Routine,11/4/2019,88,5605,LOVERS,,75209,5605 W LOVERS LN,11/1/2019,FY2020,32.8515838,-96.8172064,Bar,4.4,355
LUCIANOS AT THE GALLERIA,Routine,8/5/2019,95,13350,DALLAS,#300,75240,13350 DALLAS PKWY #300,8/1/2019,FY2019,32.9290218,-96.8200386,Bar,4.5,651
LUCK RESTAURANT,Routine,11/26/2019,92,3011,GULDEN,#112,75212,3011 GULDEN LN #112,11/1/2019,FY2020,32.7793722,-96.8289924,Bar,4.2,455
LUCKY'S,Routine,7/17/2019,90,3531,OAK LAWN,,75219,3531 OAK LAWN AVE,7/1/2019,FY2019,32.8127825,-96.8050307,Bar,4.5,1099
M. TACUBAYA,Routine,9/19/2019,100,2916,BUCKNER,,75227,2916 S BUCKNER BLVD,9/1/2019,FY2019,32.7616384,-96.6826656,Bar,4.1,72
MALARKEY'S,Routine,9/16/2019,83,4460,TRINITY MILLS,100,75287,4460 TRINITY MILLS RD 100,9/1/2019,FY2019,32.9897722,-96.8311916,Bar,4.1,516
MALIBU POKE,Routine,12/3/2019,97,2021,MCKINNEY,#145,75201,2021 MCKINNEY AVE #145,12/1/2019,FY2020,32.7912598,-96.8036071,Bar,4.7,1051
MANSION MAIN BAR,Routine,10/9/2019,100,2821,TURTLE CREEK,,75219,2821 TURTLE CREEK BLVD,10/1/2019,FY2020,32.8041143,-96.8073446,Bar,4.6,432
MARBLE SLAB CREAMERY,Routine,2/11/2019,95,13350,DALLAS,#3265,75240,13350 DALLAS PKWY #3265,2/1/2019,FY2019,32.9290218,-96.8200386,Bar,4.5,651
MARCIANO'S PIZZA & ITALIAN KITCHEN,Routine,1/11/2019,90,11909,PRESTON,#1444,75230,11909 PRESTON RD #1444,1/1/2019,FY2019,32.9115062,-96.8055428,Bar,4.4,649
MARGARITAS RESTAURANT,Routine,12/18/2019,87,2414,FITZHUGH,,75204,2414 N FITZHUGH AVE,12/1/2019,FY2020,32.8117661,-96.7823405,Bar,4.1,314
MASKARAS MEXICAN GRILL,Routine,1/9/2020,96,2423,KIEST,,75233,2423 W KIEST BLVD,1/1/2020,FY2020,32.7062906,-96.8578413,Bar,4.5,643
MAZA MEXICAN RESTAURANT,Routine,8/12/2019,94,2040,NORTHWEST,#140,75229,2040 W NORTHWEST HWY #140,8/1/2019,FY2019,32.866929,-96.908542,Bar,4.6,87
MCDONALD'S,Routine,1/9/2020,92,13105,MONTFORT,,75240,13105 MONTFORT DR,1/1/2020,FY2020,32.9270578,-96.8116758,Cafe,3.3,1123
MCDONALD'S,Routine,12/20/2019,96,11102,CENTRAL,,75231,11102 N CENTRAL EXPW,12/1/2019,FY2020,32.8993042,-96.7683228,Cafe,3.6,1076
MCDONALD'S,Routine,12/3/2019,91,2551,GUS THOMASSON,,75228,2551 GUS THOMASSON RD,12/1/2019,FY2020,32.835295,-96.6713715,Cafe,3.6,831
MCDONALD'S,Routine,12/19/2019,91,7401,SAMUELL,#E,75228,7401 SAMUELL BLVD #E,12/1/2019,FY2020,32.7938293,-96.6895431,Cafe,3.6,190
MCDONALD'S,Routine,11/15/2019,93,1808,BELTLINE,,75253,1808 S BELTLINE RD,11/1/2019,FY2020,32.6767846,-96.6008854,Cafe,3.5,782
MCDONALD'S,Routine,10/23/2019,88,1415,ILLINOIS,,75216,1415 E ILLINOIS AVE,10/1/2019,FY2020,32.720425,-96.804453,Cafe,3.1,1085
MCDONALD'S,Routine,10/31/2019,94,407,LAMAR,#170A,75202,407 N LAMAR ST #170A,10/1/2019,FY2020,32.7813265,-96.8050846,Cafe,3.2,847
MCDONALD'S,Routine,9/11/2019,96,7233,JOHN CARPENTER,#110,75247,7233 JOHN CARPENTER FRWY #110,9/1/2019,FY2019,32.8164437,-96.8707416,Cafe,3.3,828
MCDONALD'S,Routine,8/8/2019,93,10320,LAKE JUNE,,75217,10320 LAKE JUNE RD,8/1/2019,FY2019,32.7336239,-96.6453972,Cafe,3.2,1307
MCDONALD'S,Routine,8/14/2019,92,632,RL THORNTON,,75203,632 S RL THORNTON FRWY,8/1/2019,FY2019,32.744605,-96.81228,Cafe,3.5,1684
MCDONALD'S,Routine,8/27/2019,92,8608,SKILLMAN,,75243,8608 SKILLMAN ST,8/1/2019,FY2019,32.8957518,-96.7220349,Cafe,3.2,902
MCDONALD'S IN WALMART,Routine,10/10/2019,100,15220,MONTFORT,,75240,15220 MONTFORT DR,10/1/2019,FY2020,32.9588692,-96.8160083,Cafe,3.5,522
MCDONALD'S RESTAURANT,Routine,11/7/2019,97,6950,GREENVILLE,,75231,6950 GREENVILLE AVE,11/1/2019,FY2020,32.8728265,-96.763073,Cafe,3.3,968
MCDONALDS,Routine,1/8/2020,99,17250,PRESTON,,75252,17250 PRESTON RD,1/1/2020,FY2020,32.985888,-96.8032419,Cafe,3.7,459
MCDONALDS,Routine,1/13/2020,95,2570,RED BIRD,,75237,2570 W RED BIRD LN,1/1/2020,FY2020,32.6706745,-96.8606269,Cafe,3.5,795
MCDONALDS,Routine,1/9/2020,98,450,MERRIFIELD,,75211,450 N MERRIFIELD RD,1/1/2020,FY2020,32.749018,-96.9222971,Cafe,3.8,1212
MCDONALDS,Routine,12/19/2019,87,11217,GARLAND,,75218,11217 GARLAND RD,12/1/2019,FY2020,32.8483137,-96.6850607,Cafe,3.6,545
MCDONALDS,Routine,12/3/2019,90,2475,ROYAL,,75229,2475 ROYAL LN,12/1/2019,FY2020,32.8965839,-96.8963103,Cafe,3.7,1114
MCDONALDS,Routine,12/17/2019,97,3310,AL LIPSCOMB,,75210,3310 AL LIPSCOMB AVE,12/1/2019,FY2020,32.7770575,-96.7652686,Cafe,3.5,1320
MCDONALDS,Routine,12/23/2019,95,5337,EAST GRAND,,75223,5337 EAST GRAND AVE,12/1/2019,FY2020,32.7919261,-96.7499212,Cafe,3.6,1145
MCDONALDS,Routine,12/3/2019,91,5403,ROSS,,75206,5403 ROSS AVE,12/1/2019,FY2020,32.8108074,-96.7712711,Cafe,3.5,829
MCDONALDS,Routine,12/6/2019,91,8333,LANCASTER,,75241,8333 S LANCASTER RD,12/1/2019,FY2020,32.6461515,-96.7811472,Cafe,3.5,1423
MCDONALDS,Routine,11/4/2019,88,11820,ABRAMS,,75243,11820 ABRAMS RD,11/1/2019,FY2020,32.9100203,-96.7350572,Cafe,3.2,655
MCDONALDS,Routine,11/11/2019,96,2747,FORT WORTH,,75211,2747 FORT WORTH AVE,11/1/2019,FY2020,32.7581038,-96.8661063,Cafe,3.6,1075
MCDONALDS,Routine,11/25/2019,89,3802,GASTON,,75246,3802 GASTON AVE,11/1/2019,FY2020,32.7920441,-96.7786595,Cafe,3.6,1517
MCDONALDS,Routine,11/14/2019,88,4223,ILLINOIS,,75211,4223 W ILLINOIS AVE,11/1/2019,FY2020,32.7208043,-96.8894326,Cafe,3.6,1147
MCDONALDS,Routine,11/15/2019,96,5934,ABRAMS,,75231,5934 ABRAMS RD,11/1/2019,FY2020,32.8574249,-96.7482078,Cafe,3.6,683
MCDONALDS,Routine,10/2/2019,97,14770,PRESTON,,75254,14770 PRESTON RD,10/1/2019,FY2020,32.949464,-96.8029071,Cafe,3.6,742
MCDONALDS,Routine,10/21/2019,99,3520,STOREY,,75220,3520 STOREY LN,10/1/2019,FY2020,32.8652443,-96.8640201,Cafe,3.6,862
MCDONALDS,Routine,10/3/2019,94,8390,STEMMONS,A,75247,8390 N STEMMONS FRWY A,10/1/2019,FY2020,32.8263659,-96.8712106,Cafe,3.5,797
MCDONALDS,Routine,10/14/2019,97,9301,FOREST,,75243,9301 FOREST LN,10/1/2019,FY2020,32.9109987,-96.7388619,Cafe,3.5,403
MCDONALDS,Routine,9/12/2019,90,10695,NORTHWEST,,75238,10695 E NORTHWEST HWY,9/1/2019,FY2019,32.864309,-96.7009708,Cafe,3.4,543
MCDONALDS,Routine,9/17/2019,94,125,CAMP WISDOM,,75232,125 W CAMP WISDOM RD,9/1/2019,FY2019,32.6628699,-96.8245068,Cafe,3.5,1321
MCDONALDS,Routine,9/12/2019,100,2215,BUCKNER,,75217,2215 S BUCKNER BLVD,9/1/2019,FY2019,32.7509228,-96.6834018,Cafe,3.6,1614
MCDONALDS,Routine,9/13/2019,99,2407,HAMPTON,,75224,2407 S HAMPTON RD,9/1/2019,FY2019,32.7216049,-96.8576109,Cafe,3.6,1158
MCDONALDS,Routine,9/9/2019,91,4330,DALLAS FT WORTH,,75211,4330 DALLAS FT WORTH TPKE,9/1/2019,FY2019,32.7652534,-96.8968949,Cafe,3.5,882
MCDONALDS,Routine,9/11/2019,89,4439,LEMMON,,75219,4439 LEMMON AVE,9/1/2019,FY2019,32.818517,-96.8138544,Cafe,3.7,1079
MCDONALDS,Routine,9/19/2019,94,7007,WHEATLAND,,75249,7007 W WHEATLAND RD,9/1/2019,FY2019,32.6476536,-96.9433491,Cafe,3.8,846
MCDONALDS,Routine,8/5/2019,93,13350,DALLAS,#3620,75240,13350 DALLAS PKWY #3620,8/1/2019,FY2019,32.9290218,-96.8200386,Bar,4.5,651
MCDONALDS,Routine,8/7/2019,97,18121,MARSH,,75280,18121 MARSH LN,8/1/2019,FY2019,32.9951343,-96.857548,Cafe,3.5,378
MCDONALDS,Routine,8/27/2019,100,2197,NORTHWEST,,75220,2197 W NORTHWEST HWY,8/1/2019,FY2019,32.8653803,-96.9013593,Cafe,3.6,846
MCDONALDS,Routine,8/14/2019,95,5722,LOVERS,,75209,5722 W LOVERS LN,8/1/2019,FY2019,32.8507695,-96.813949,Cafe,3.7,463
MCDONALDS,Routine,8/22/2019,81,705,JEFFERSON,,75208,705 W JEFFERSON BLVD,8/1/2019,FY2019,32.7434856,-96.8343968,Cafe,3.7,910
MCDONALDS,Routine,8/16/2019,99,9403,GARLAND,,75218,9403 GARLAND RD,8/1/2019,FY2019,32.833152,-96.703687,Cafe,3.4,455
MCDONALDS,Routine,7/18/2019,80,310,KIEST,,75224,310 W KIEST BLVD,7/1/2019,FY2019,32.7048391,-96.8281074,Cafe,3.1,1755
MCDONALDS,Routine,5/2/2019,90,13040,COIT,,75240,13040 COIT RD,5/1/2019,FY2019,32.9257391,-96.7685967,Cafe,3.5,1165
MCDONALDS PARRISH FOODS,Routine,11/18/2019,88,3026,HAMPTON,,75212,3026 N HAMPTON RD,11/1/2019,FY2020,32.7794926,-96.8560546,Cafe,2.9,1384
MEDINA OVEN & BAR,Routine,7/24/2019,86,2304,VICTORY PARK,,75202,2304 VICTORY PARK LN,7/1/2019,FY2019,32.7856109,-96.8093998,Bar,4.7,426
MEI MEI BUFFET,Routine,8/21/2019,80,10455,CENTRAL,123,75231,10455 N CENTRAL EXPW 123,8/1/2019,FY2019,32.889778,-96.771809,Bar,3.8,417
MELIO'S CHAR BAR,Routine,5/20/2019,85,2026,GREENVILLE,,75206,2026 GREENVILLE AVE,5/1/2019,FY2019,32.8146271,-96.7699067,Cafe,4.5,514
MERIT COFFEE,Routine,5/13/2019,96,2639,MAIN,#140,75226,2639 MAIN ST #140,5/1/2019,FY2019,32.7839079,-96.7850011,Bar,4.5,1209
MESO MAYA,Routine,11/12/2019,86,1611,MCKINNEY,,75202,1611 MCKINNEY AVE,11/1/2019,FY2020,32.7877454,-96.8047164,Bar,4.2,3177
METHOD COFFEE,Routine,12/9/2019,90,1623,HALL,#101,75204,1623 N HALL ST #101,12/1/2019,FY2020,32.7951016,-96.7890195,Bar,4.3,288
METROPOLITAN CAFE,Routine,10/18/2018,85,2032,MAIN,,75201,2032 MAIN ST,10/1/2018,FY2019,32.7818921,-96.7927367,Cafe,4.7,138
MEZZE TAPAS RESTAURANT,Routine,12/5/2017,88,5321,MOCKINGBIRD,#110,75206,5321 E MOCKINGBIRD LN #110,12/1/2017,FY2018,32.8382614,-96.7754164,Bar,4.5,834
MI COCINA,Routine,9/18/2019,88,11661,PRESTON,#138,75230,11661 PRESTON RD #138,9/1/2019,FY2019,32.9072576,-96.805502,Bar,4.7,806
MI COCINA,Routine,9/16/2019,84,6332,LA VISTA,,75214,6332 LA VISTA DR,9/1/2019,FY2019,32.81229,-96.7536325,Bar,4.6,766
MI COCINA,Routine,8/7/2019,87,13350,DALLAS,#100,75240,13350 DALLAS PKWY #100,8/1/2019,FY2019,32.9290218,-96.8200386,Bar,4.5,651
MICHELADAS RESTAURANT,Routine,7/3/2019,90,2828,WEBB CHAPEL,,75220,2828 WEBB CHAPEL EXT,7/1/2019,FY2019,32.8564651,-96.8705889,Bar,3.9,353
MIMI'S PIZZERIA,Routine,12/16/2019,89,6807,NORTHWEST,,75225,6807 W NORTHWEST HWY,12/1/2019,FY2020,32.8661671,-96.7884155,Bar,4.2,497
MINI MUD,Routine,5/23/2017,90,3625,HALL,#111,75219,3625 N HALL ST #111,5/1/2017,FY2017,32.8088404,-96.8067209,Bar,4.3,118
MONSTER YOGURT,Routine,1/6/2019,93,9540,GARLAND,394,75218,9540 GARLAND RD 394,1/1/2019,FY2019,32.834661,-96.700688,Bar,3.8,285
MOT HAI BA,Routine,9/25/2019,93,6047,LEWIS,,75206,6047 LEWIS ST,9/1/2019,FY2019,32.8123546,-96.7622911,Bar,4.4,286
MOXIE'S GRILL & BAR,Routine,10/31/2019,96,100,CRESCENT,#140,75201,100 CRESCENT CT #140,10/1/2019,FY2020,32.7939118,-96.803308,Bar,4.3,1344
MY FAMILY PIZZA,Routine,12/6/2019,89,1915,SKILLMAN,,75206,1915 SKILLMAN ST,12/1/2019,FY2020,32.8131403,-96.7621422,Bar,4.4,815
MY FIT FOOD,Routine,11/16/2016,88,5960,ROYAL,,75230,5960 ROYAL LN,11/1/2016,FY2017,32.8945071,-96.8044868,Bar,4.3,135
NAGA RESTAURANT,Routine,12/27/2016,89,665,HIGH MARKET,,75202,665 HIGH MARKET,12/1/2016,FY2017,32.7864848,-96.8089893,Bar,4.4,321
NEIMAN MARCUS FRESH MARKET,Routine,11/16/2016,100,1605,COMMERCE,,75201,1605 COMMERCE ST,11/1/2016,FY2017,32.7804886,-96.797497,Cafe,4.7,110
NEO PIZZA NAPOLETANA,Routine,7/24/2019,82,2340,VICTORY PARK,,75201,2340 VICTORY PARK LN,7/1/2019,FY2019,32.7862119,-96.8090743,Bar,4.4,321
NEON COWBOYS,Routine,4/30/2019,85,10420,C F HAWN,,75217,10420 C F HAWN FRWY,4/1/2019,FY2019,32.6976669,-96.6459817,Bar,4.2,184
NESTLE TOLLHOUSE CAFE,Routine,2/11/2019,96,13350,DALLAS,#2655,75082,13350 DALLAS PKWY #2655,2/1/2019,FY2019,32.9290218,-96.8200386,Bar,4.5,651
NESTLE TOLLHOUSE CAFE BY CHIP -KIOSK,Routine,2/11/2019,94,13350,DALLAS,#2255,75240,13350 DALLAS PKWY #2255,2/1/2019,FY2019,32.9290218,-96.8200386,Bar,4.5,651
NEUHAUS,Routine,10/30/2019,94,5959,ROYAL,#626,75230,5959 ROYAL LN #626,10/1/2019,FY2020,32.8953915,-96.8056903,Cafe,4.2,125
NICK & RYE,Routine,5/24/2019,83,2523,MCKINNEY,#A,75201,2523 MCKINNEY AVE #A,5/1/2019,FY2019,32.796081,-96.8021326,Bar,4.2,354
NICK & SAM'S GRILL,Routine,9/12/2019,85,8111,PRESTON,#150,75225,8111 PRESTON RD #150,9/1/2019,FY2019,32.8609365,-96.8048114,Bar,4.3,204
NIKKEI,Routine,3/25/2017,94,2404,CEDAR SPRINGS,#400,75201,2404 CEDAR SPRINGS RD #400,3/1/2017,FY2017,32.7964413,-96.8048335,Bar,4.3,364
NINES BAR,Routine,2/28/2019,100,2911,MAIN,,75226,2911 MAIN ST,2/1/2019,FY2019,32.7845059,-96.7816858,Bar,4.4,856
NOBILITEA,Routine,2/20/2019,93,13350,DALLAS,#2615,75240,13350 DALLAS PKWY #2615,2/1/2019,FY2019,32.9290218,-96.8200386,Bar,4.5,651
NODDING DONKEY,Routine,7/22/2019,85,2900,THOMAS,,75204,2900 THOMAS AVE,7/1/2019,FY2019,32.796584,-96.7968287,Bar,4.3,239
NORI HANDROLL BAR,Routine,7/17/2019,95,2814,ELM,,75226,2814 ELM ST,7/1/2019,FY2019,32.7845293,-96.7829254,Bar,4.6,628
NORMA'S CAFE,Routine,1/8/2020,80,9100,CENTRAL,#151,75231,9100 N CENTRAL EXPW #151,1/1/2020,FY2020,32.8725818,-96.768785,Cafe,4.5,1296
NORMA'S CAFE,Routine,7/3/2019,88,17721,DALLAS,#130,75287,17721 DALLAS PKWY #130,7/1/2019,FY2019,32.9909067,-96.830829,Cafe,4.4,2038
NOTHING BUNDT CAKES,Routine,11/26/2018,94,10720,PRESTON,1101B,75230,10720 PRESTON RD 1101B,11/1/2018,FY2019,32.8943228,-96.8035913,Cafe,3.6,233
NOVA,Routine,9/22/2019,92,1417,DAVIS,,75208,1417 W DAVIS ST,9/1/2019,FY2019,32.7497806,-96.8448782,Bar,4.5,491
OAK,Routine,9/28/2019,94,1628,OAK LAWN,#A,75207,1628 OAK LAWN AVE #A,9/1/2019,FY2019,32.7970641,-96.8191461,Bar,4.2,548
OAK CLIFF SOCIAL CLUB,Routine,6/18/2019,89,238,DAVIS,,75208,238 W DAVIS ST,6/1/2019,FY2019,32.7492729,-96.8261414,Bar,4.5,589
ODDFELLOW'S,Routine,5/23/2019,80,316,SEVENTH,,75208,316 W SEVENTH ST,5/1/2019,FY2019,32.7487723,-96.8274156,Cafe,4.3,1218
OJEDA'S,Routine,8/14/2019,89,4617,MAPLE,,75219,4617 MAPLE AVE,8/1/2019,FY2019,32.812894,-96.8249191,Bar,4.4,2546
OJOS LOCOS,Routine,4/23/2019,80,10230,TECHNOLOGY,E,75220,10230 TECHNOLOGY BLVD E,4/1/2019,FY2019,32.860907,-96.894124,Bar,4.1,1784
OLD CHICAGO RESTAURANT,Routine,8/30/2019,84,5319,MOCKINGBIRD,#100,75206,5319 E MOCKINGBIRD LN STE #100,8/1/2019,FY2019,32.8384272,-96.7763785,Bar,4.5,195
OLD MILL INN,Routine,9/17/2019,100,3611,GRAND,,75210,3611 GRAND AVE,9/1/2019,FY2019,32.779523,-96.763177,Bar,4,131
OLD WARSAW RESTAURANT,Routine,9/30/2019,80,2512,MAPLE,,75201,2512 MAPLE AVE,9/1/2019,FY2019,32.7952769,-96.8035713,Bar,4,303
OLIVELLAS LAKEWOOD,Routine,9/11/2019,88,6465,MOCKINGBIRD,525,75214,6465 E MOCKINGBIRD LN 525,9/1/2019,FY2019,32.8369704,-96.7511853,Bar,4.2,164
ONI RAMEN,Routine,8/27/2019,96,2822,ELM,,75226,2822 ELM ST,8/1/2019,FY2019,32.7846602,-96.7827363,Cafe,4.2,1401
OPEN MARKET,Routine,7/23/2019,97,400,OLIVE,FL 2,75201,400 N OLIVE ST FL 2,7/1/2019,FY2019,32.7851279,-96.7949555,Bar,3.7,142
OUTBACK STEAKHOUSE,Routine,12/12/2019,94,9049,VANTAGE POINT,,75243,9049 VANTAGE POINT,12/1/2019,FY2020,32.917476,-96.7463466,Bar,4.2,1009
PACIUGO,Routine,2/8/2019,89,13350,DALLAS,#1485,75240,13350 DALLAS PKWY #1485,2/1/2019,FY2019,32.9290218,-96.8200386,Bar,4.5,651
PAKPAO,Routine,11/4/2019,72,1628,OAK LAWN,,75207,1628 OAK LAWN AVE,11/1/2019,FY2020,32.7970641,-96.8191461,Bar,4.2,548
PALAPAS SEAFOOD BAR,Routine,10/16/2019,80,1418,GREENVILLE,,75206,1418 GREENVILLE AVE,10/1/2019,FY2020,32.8081837,-96.769987,Bar,4.3,488
PARKER BARROWS,Routine,6/13/2019,80,338,DAVIS,,75208,338 W DAVIS ST,6/1/2019,FY2019,32.7493244,-96.8281679,Bar,4.4,2773
PENNE POMODORO,Routine,12/23/2019,90,11661,PRESTON,#143,75230,11661 PRESTON RD #143,12/1/2019,FY2020,32.9072277,-96.8056485,Bar,4.7,806
PERA,Follow-up,9/22/2017,66,2405,HENDERSON,,75206,2405 N HENDERSON AVE,9/1/2017,FY2017,32.8150111,-96.7788729,Bar,4.4,332
PERA WINE & TAPAS,Routine,10/25/2019,87,6006,BELTLINE,,75254,6006 BELTLINE RD,10/1/2019,FY2020,32.9534067,-96.8029071,Bar,4.2,656
PERRY STEAKHOUSE & GRILL,Routine,6/6/2019,86,2000,MCKINNEY,100,75201,2000 MCKINNEY AVE 100,6/1/2019,FY2019,32.7911119,-96.8031977,Bar,4.6,1513
PHD,Routine,7/30/2019,89,1300,DAVIS,,75208,1300 W DAVIS ST,7/1/2019,FY2019,32.7492167,-96.8431617,Bar,4.4,331
PHO ANAH,Routine,1/13/2020,83,10675,NORTHWEST,#1635,75238,10675 E NORTHWEST HWY #1635,1/1/2020,FY2020,32.8643089,-96.7011397,Cafe,3.4,543
PICOLE POPS,Routine,11/25/2019,98,2656,MAIN,#110,75226,2656 MAIN ST #110,11/1/2019,FY2020,32.783601,-96.784247,Bar,4.6,558
PICOLE POPS,Routine,12/10/2018,95,415,DAVIS,,75208,415 W DAVIS ST,12/1/2018,FY2019,32.7496248,-96.8286748,Bar,4.4,2773
PIE TAP,Routine,12/18/2019,80,2708,HENDERSON,#100,75206,2708 N HENDERSON AVE #100,12/1/2019,FY2020,32.8178587,-96.7815955,Bar,4.5,645
PIZZA LOUNGE,Routine,1/24/2019,92,841,EXPOSITION,,75226,841 EXPOSITION AVE,1/1/2019,FY2019,32.7820139,-96.7666027,Bar,4.3,724
PIZZERIA TESTA,Routine,7/18/2019,92,3525,GREENVILLE,,75206,3525 GREENVILLE AVE,7/1/2019,FY2019,32.8305988,-96.7704397,Bar,4.3,446
POKE BOP,Routine,9/10/2019,88,4103,LEMMON,,75219,4103 LEMMON AVE,9/1/2019,FY2019,32.8148363,-96.8096035,Cafe,4.6,272
POKE-O,Routine,10/25/2018,92,5321,MOCKINGBIRD,#130,75206,5321 E MOCKINGBIRD LN #130,10/1/2018,FY2019,32.8382614,-96.7754164,Bar,4.5,834
POP BAR,Routine,12/11/2019,97,2420,VICTORY PARK,,75219,2420 VICTORY PARK LN,12/1/2019,FY2020,32.7882157,-96.8092794,Bar,4,103
POTBELLY SANDWICH WORKS,Routine,2/13/2019,98,13350,DALLAS,#600,75240,13350 DALLAS PKWY #600,2/1/2019,FY2019,32.9290218,-96.8200386,Bar,4.5,651
POUR HOUSE,Routine,12/6/2019,83,1919,SKILLMAN,,75206,1919 SKILLMAN ST,12/1/2019,FY2020,32.8131407,-96.7621551,Bar,4.4,815
PRIVADO,Routine,6/28/2019,88,723,PEARL,,75201,723 N PEARL ST,6/1/2019,FY2019,32.7867247,-96.7966055,Bar,4.1,417
PUNK SOCIETY,Routine,11/16/2019,92,2723,ELM,,75226,2723 ELM ST,11/1/2019,FY2020,32.7848302,-96.7838094,Bar,4.6,7
PURE MILK & HONEY,Routine,9/30/2019,98,5321,MOCKINGBIRD,#135,75206,5321 E MOCKINGBIRD LN #135,9/1/2019,FY2019,32.8382614,-96.7754164,Bar,4.5,834
QUESA,Routine,12/20/2018,72,3900,CEDAR SPRINGS,,75219,3900 CEDAR SPRINGS RD,12/1/2018,FY2019,32.810331,-96.81002,Cafe,4.2,1046
QUILL LOUNGE,Routine,5/16/2017,88,1628,OAK LAWN,#100,75207,1628 OAK LAWN #100,5/1/2017,FY2017,32.7970641,-96.8191461,Bar,4.2,548
RAFA'S CAFE MEXICANO,Routine,7/11/2019,85,5617,LOVERS,,75209,5617 W LOVERS LN,7/1/2019,FY2019,32.8515509,-96.8169502,Bar,4.4,355
RAFAIN BRAZILIAN CHURRASCARIA,Routine,4/24/2019,93,18010,DALLAS,,75240,18010 N DALLAS PKWY,4/1/2019,FY2019,32.9954598,-96.8284424,Bar,4.8,200
RAISING CANE'S,Routine,8/26/2019,95,13350,DALLAS,#3680,75240,13350 DALLAS PKWY #3680,8/1/2019,FY2019,32.9290218,-96.8200386,Bar,4.5,651
RAVENNA,Routine,12/13/2019,90,115,FIELD,,75202,115 S FIELD ST,12/1/2019,FY2020,32.7800864,-96.801074,Bar,4.3,423
RAVENNA,Routine,5/21/2018,94,1301,MAIN,#100,75202,1301 MAIN ST STE #100,5/1/2018,FY2018,32.7804455,-96.8008252,Bar,4.3,423
RBC,Routine,9/4/2019,100,2617,COMMERCE,,75226,2617 COMMERCE ST,9/1/2019,FY2019,32.7829378,-96.7855662,Bar,4.6,2477
REGENERATION ARCADE BAR AND PIZZERIA,Routine,11/15/2019,98,17721,DALLAS,#140,75287,17721 DALLAS PKWY #140,11/1/2019,FY2020,32.9909067,-96.830829,Cafe,4.4,2038
REIKYU,Routine,3/7/2017,82,5321,MOCKINGBIRD,#200,75206,5321 E MOCKINGBIRD LN #200,3/1/2017,FY2017,32.8382614,-96.7754164,Bar,4.5,834
RELISH,Routine,8/29/2019,95,2000,WOODALL RODGERS,#200,75201,2000 WOODALL RODGERS FRWY #200,8/1/2019,FY2019,32.7895912,-96.8017349,Bar,4.1,593
RENFIELD'S CORNER,Routine,1/28/2019,95,2603,ROUTH,#A,75201,2603 ROUTH ST #A,1/1/2019,FY2019,32.7964044,-96.8022372,Bar,4.2,354
RESIDENT TAQUERIA,Routine,7/25/2019,90,9661,AUDELIA,#112,75238,9661 AUDELIA RD #112,7/1/2019,FY2019,32.8783699,-96.7187537,Bar,4.4,522
RESTAURANTE EL SALVADORENO,Routine,12/26/2019,84,8414,DENTON,,75235,8414 DENTON DR,12/1/2019,FY2020,32.8416383,-96.8579469,Bar,4.2,98
RESTRO BISTRO RESTAURANT,Routine,10/18/2017,84,3011,GULDEN,#104,75212,3011 GULDEN LN #104,10/1/2017,FY2018,32.7793722,-96.8289924,Bar,4.2,455
REVOLVER TACO,Routine,8/8/2019,87,2701,MAIN,#120,75226,2701 MAIN ST #120,8/1/2019,FY2019,32.7840448,-96.7840816,Bar,4.6,558
RJ MEXICAN CUISINE,Routine,7/25/2019,86,1701,MARKET,#102,75202,1701 N MARKET ST #102,7/1/2019,FY2019,32.781616,-96.8070186,Bar,4.2,1028
ROBBIES PLACE,Routine,2/27/2019,100,1200,RIVERFRONT,,75207,1200 S RIVERFRONT BLVD,2/1/2019,FY2019,32.7645813,-96.8016515,Bar,4.5,83
ROCKY MOUNTAIN CHOCOLATE FACTORY,Routine,8/15/2018,89,13350,DALLAS,#2445,75240,13350 N DALLAS PKWY #2445,8/1/2018,FY2018,32.9290218,-96.8200386,Bar,4.5,651
RODEO GOAT,Routine,8/14/2019,95,1926,MARKET CENTER,,75207,1926 N MARKET CENTER BLVD,8/1/2019,FY2019,32.7971947,-96.8239103,Bar,4.6,4505
ROOTS ON TAP,Routine,1/11/2017,92,3613,PARRY,#A,75226,3613 PARRY AVE #A,1/1/2017,FY2017,32.7818426,-96.7666272,Bar,4.3,724
ROOTS PRESSED JUICES,Routine,9/11/2019,88,4023,OAK LAWN,,75219,4023 OAK LAWN AVE,9/1/2019,FY2019,32.8179976,-96.8028656,Bar,4.7,970
RORO'S BAKING COMPANY,Routine,11/20/2018,96,2201,TUCKER,#107,75214,2201 TUCKER ST #107,11/1/2018,FY2019,32.8119545,-96.7320518,Bar,4.5,136
ROSS & HALL BEER GARDEN AND KITCHEN,Routine,12/9/2019,84,3300,ROSS,,75204,3300 ROSS AVE,12/1/2019,FY2020,32.7953264,-96.7888564,Bar,4.3,288
ROYAL BLUE GROCERY,Routine,10/17/2019,85,1800,MAIN,#124,75201,1800 MAIN ST #124,10/1/2019,FY2020,32.7810331,-96.7960457,Bar,4.1,1040
ROYAL CHINA,Routine,12/17/2019,80,6025,ROYAL,#201,75230,6025 ROYAL LN #201,12/1/2019,FY2020,32.8960672,-96.8021328,Bar,4.4,885
RUNIS BAR,Routine,5/13/2019,87,2653,COMMERCE,,75226,2653 COMMERCE ST,5/1/2019,FY2019,32.7832349,-96.7841387,Bar,4.5,1385
SAINT ANN CAFE,Routine,11/18/2019,92,2514,HARRY HINES,,75201,2514 HARRY HINES BLVD,11/1/2019,FY2020,32.7914243,-96.8060372,Bar,4.3,806
SAK HUU,Routine,8/7/2019,71,4801,BRYAN,#100,75204,4801 BRYAN ST #100,8/1/2019,FY2019,32.8037271,-96.7743805,Cafe,4.1,99
SALON POMPEO,Routine,6/6/2019,97,5330,MOCKINGBIRD,#190,75206,5330 E MOCKINGBIRD LN #190,6/1/2019,FY2019,32.8360659,-96.7777995,Bar,4.4,648
SALUM RESTAURANT,Routine,8/5/2019,95,4152,COLE,103,75204,4152 COLE AVE 103,8/1/2019,FY2019,32.8161232,-96.7921513,Bar,4.8,143
SAMUELL GRAND PARK POOL-CONCESSION STAND,Routine,6/29/2019,100,3003,SAMUELL,,75201,3003 SAMUELL BLVD,6/1/2019,FY2019,32.7929573,-96.7442936,Bar,4.3,8
SAN FRANCISCO ROSE,Follow-up,7/21/2017,81,3024,GREENVILLE,,75206,3024 GREENVILLE AVE,7/1/2017,FY2017,32.825894,-96.769859,Bar,4.7,486
SAND BAR CATINA,Routine,9/30/2019,89,317,SECOND,,75226,317 S SECOND AVE,9/1/2019,FY2019,32.783437,-96.7742902,Bar,4.5,552
SANDWICH HAG,Routine,11/21/2019,97,1902,LAMAR,,75215,1902 S LAMAR ST,11/1/2019,FY2020,32.7656047,-96.7906623,Cafe,4.7,208
SARAH CAFE,Routine,11/13/2019,87,12225,GREENVILLE,#150,75243,12225 GREENVILLE AVE #150,11/1/2019,FY2020,32.9145922,-96.7458833,Cafe,4.4,9
SAVOR,Follow-up,9/25/2019,94,2000,WOODALL RODGERS,#100,75201,2000 WOODALL RODGERS FRWY #100,9/1/2019,FY2019,32.7895912,-96.8017349,Bar,4.1,593
SAZON TEX-MEX Y MAS,Routine,10/9/2019,86,12817,PRESTON,#115,75230,12817 PRESTON RD #115,10/1/2019,FY2020,32.9233127,-96.8048114,Bar,4.1,581
SBARRO,Routine,2/4/2019,80,13350,DALLAS,#3670,75240,13350 DALLAS PKWY #3670,2/1/2019,FY2019,32.9290218,-96.8200386,Bar,4.5,651
SEAFOOD CONNECTION,Routine,5/21/2019,97,1427,ILLINOIS,,75216,1427 E ILLINOIS AVE,5/1/2019,FY2019,32.720439,-96.804058,Cafe,3.1,1085
SENOR BEAN,Routine,10/8/2019,84,708,OLIVE,,75201,708 N OLIVE ST,10/1/2019,FY2020,32.7866563,-96.7966836,Bar,4.1,417
SERIOUS PIZZA.,Routine,12/11/2019,95,2807,ELM,,75226,2807 ELM ST,12/1/2019,FY2020,32.7849829,-96.7833505,Cafe,4.2,1401
SEVY'S GRILL,Routine,9/17/2019,89,8201,PRESTON,#100,75225,8201 PRESTON RD #100,9/1/2019,FY2019,32.8628006,-96.8049239,Bar,4.6,238
SHADY'S,Routine,7/25/2019,94,9661,AUDELIA,#110,75238,9661 AUDELIA RD 109- #110,7/1/2019,FY2019,32.8783699,-96.7187537,Bar,4.4,522
SHAKE SHACK,Routine,10/7/2019,90,6025,ROYAL,#305,75230,6025 ROYAL LN #305,10/1/2019,FY2020,32.8961547,-96.8022961,Bar,4.4,885
SHARETEA,Routine,9/19/2019,94,13350,DALLAS,#410,75240,13350 N DALLAS PKWY #410,9/1/2019,FY2019,32.9290218,-96.8200386,Bar,4.5,651
SHELL EMPIRE,Routine,3/13/2019,99,8390,STEMMONS,#B,75247,8390 N STEMMONS FRWY #B,3/1/2019,FY2019,32.8263058,-96.8713678,Cafe,3.5,797
SHELL SHACK,Follow-up,10/9/2019,80,2326,HENDERSON,,75206,2326 N HENDERSON AVE,10/1/2019,FY2020,32.8148881,-96.778114,Bar,4.1,2018
SHIP'S LOUNGE,Routine,10/7/2019,89,1613,GREENVILLE,,75206,1613 GREENVILLE AVE,10/1/2019,FY2020,32.8103911,-96.7704576,Cafe,4.2,494
SHOOTERS IN VICTORY,Routine,9/26/2019,84,3030,OLIVE,#105,75204,3030 OLIVE ST #105,9/1/2019,FY2019,32.7896726,-96.8093052,Bar,3.9,168
SHOP N GO,Routine,12/3/2019,94,4900,BRYAN,,75206,4900 BRYAN ST,12/1/2019,FY2020,32.8036236,-96.773055,Bar,4.3,265
SHORT STOP,Routine,9/23/2019,89,6025,ROYAL,#101,75220,6025 ROYAL LN #101,9/1/2019,FY2019,32.896382,-96.8035976,Bar,4.4,239
SI TAPAS RESTAURANT BAR,Routine,7/22/2019,81,2207,ALLEN,,75204,2207 ALLEN ST,7/1/2019,FY2019,32.7960182,-96.796745,Bar,4.3,521
SIDE BAR MAIN,Routine,9/9/2019,97,2626,HOWELL,#100,75204,2626 HOWELL ST #100,9/1/2019,FY2019,32.7985289,-96.8026993,Bar,4.4,676
SIFT & POUR,Routine,5/6/2019,93,2401,VICTORY PARK,#160,75219,2401 VICTORY PARK LN #160,5/1/2019,FY2019,32.788122,-96.810011,Bar,4.1,124
SMOKE,Routine,11/9/2018,82,901,FORT WORTH,,75208,901 FORT WORTH AVE,11/1/2018,FY2019,32.7696023,-96.8367339,Bar,4.2,34
SNAP KITCHEN,Routine,10/31/2019,98,6025,ROYAL,#320,75230,6025 ROYAL LN #320,10/1/2019,FY2020,32.8961547,-96.8022961,Bar,4.4,885
SNAP KITCHEN,Routine,7/25/2017,97,5627,LOVERS,,75209,5627 W LOVERS LN,7/1/2017,FY2017,32.8515692,-96.8166153,Bar,4.4,355
SOCIETY BAKERY,Routine,11/6/2019,84,3610,GREENVILLE,,75206,3610 GREENVILLE AVE,11/1/2019,FY2020,32.8318628,-96.7698374,Bar,4.2,432
SOCIETY BAKERY,Routine,6/6/2018,95,6025,ROYAL,#127,75230,6025 ROYAL LN STE #127,6/1/2018,FY2018,32.8961547,-96.8022961,Bar,4.4,885
SONIC DRIVE IN,Routine,7/3/2019,82,11921,NORTHWEST,,75218,11921 E NORTHWEST HWY,7/1/2019,FY2019,32.8644821,-96.6746922,Bar,3.9,814
SONNY BRYAN'S SMOKEHOUSE,Routine,11/7/2019,83,302,MARKET,#101,75202,302 N MARKET ST #101,11/1/2019,FY2020,32.7810021,-96.8062574,Bar,3.9,783
SONNY BRYAN'S SMOKEHOUSE,Routine,9/20/2019,80,2202,INWOOD,,75235,2202 INWOOD RD,9/1/2019,FY2019,32.8172315,-96.8407368,Bar,4.1,1669
SOUK RESTAURANT,Routine,11/26/2019,90,3011,GULDEN,#114,75212,3011 GULDEN LN #114,11/1/2019,FY2020,32.7793722,-96.8289924,Bar,4.2,455
SOUTHPAW'S ORGANIC GRILL,Routine,12/23/2019,90,3227,MCKINNEY,100,75204,3227 MCKINNEY AVE 100,12/1/2019,FY2020,32.8039732,-96.7997914,Bar,4.4,697
SOUTHPAWS ORGANIC CAF,Routine,3/15/2019,87,4023,OAK LAWN,,75219,4023 OAK LAWN,3/1/2019,FY2019,32.8179976,-96.8028656,Bar,4.7,970
SPAGHETTI WAREHOUSE,Routine,9/23/2019,85,1815,MARKET,,75202,1815 N MARKET ST,9/1/2019,FY2019,32.782687,-96.8075141,Bar,1,1
SPECS LIQUOR,Routine,10/15/2019,95,5959,ROYAL,635,75230,5959 ROYAL LN STE 635,10/1/2019,FY2020,32.8953132,-96.8059205,Cafe,4.2,125
SPORTS CITY CANTINA,Routine,11/14/2019,80,10851,HARRY HINES,,75220,10851 HARRY HINES BLVD,11/1/2019,FY2020,32.8765089,-96.8849479,Bar,3.9,226
ST MARTIN'S,Follow-up,1/9/2020,72,3020,GREENVILLE,,75206,3020 GREENVILLE AVE,1/1/2020,FY2020,32.8257393,-96.7698799,Bar,4.7,486
ST PETE'S DANCING MARLIN,Routine,9/16/2019,85,2730,COMMERCE,,75226,2730 COMMERCE ST,9/1/2019,FY2019,32.7829706,-96.7833055,Bar,4.5,1746
ST ROCCO'S,Routine,9/22/2019,97,3011,GULDEN,#100,75212,3011 GULDEN LN #100,9/1/2019,FY2019,32.7793722,-96.8289924,Bar,4.2,455
ST. ROCCO'S,Routine,9/22/2019,87,3011,GULDEN,#200,75212,3011 GULDEN #200,9/1/2019,FY2019,32.7793722,-96.8289924,Bar,4.2,455
ST. ROCCO'S OUTSIDE ROOF BAR,Routine,3/14/2019,96,3011,GULDEN,#300,75212,3011 GULDEN #300,3/1/2019,FY2019,32.7793722,-96.8289924,Bar,4.2,455
STAN'S BLUE NOTE,Routine,12/19/2019,86,2908,GREENVILLE,,75206,2908 GREENVILLE AVE,12/1/2019,FY2020,32.8242147,-96.7699063,Bar,4.4,267
STARBUCKS,Routine,6/11/2019,99,4780,MAPLE,,75219,4780 MAPLE AVE,6/1/2019,FY2019,32.8149832,-96.8263327,Bar,3.8,15
STARBUCKS COFFEE COMPANY,Routine,12/13/2018,95,6025,ROYAL,#102,75230,6025 ROYAL LN #102,12/1/2018,FY2019,32.8961547,-96.8022961,Bar,4.4,885
STEAM THEORY BREWING COMPANY LP,Routine,12/26/2019,95,340,SINGLETON,#100,75212,340 SINGLETON BLVD #100,12/1/2019,FY2020,32.7782641,-96.8299915,Bar,4.5,113
STEEL CITY POPS,Routine,4/10/2019,98,6025,ROYAL,#105,75230,6025 ROYAL LN #105,4/1/2019,FY2019,32.8962723,-96.8033988,Bar,4.4,239
STEEL CITY POPS,Routine,11/29/2018,95,2012,GREENVILLE,,75206,2012 GREENVILLE AVE,11/1/2018,FY2019,32.8144007,-96.7698335,Bar,4.5,1801
STIR BY KITCHEN ESSENTIALS,Routine,9/13/2019,95,16400,DALLAS,#111,75248,16400 N DALLAS PKWY #111,9/1/2019,FY2019,32.9734041,-96.8209482,Cafe,4.8,55
STIRR,Routine,7/29/2019,100,2803,MAIN,#110,75226,2803 MAIN ST #110,7/1/2019,FY2019,32.784218,-96.783239,Bar,4.3,1748
STOCK & BARREL RESTAURANT,Routine,8/28/2019,90,316,DAVIS,,75208,316 W DAVIS ST,8/1/2019,FY2019,32.7492465,-96.8274041,Cafe,4.3,1218
STONELEIGH P REST,Routine,6/20/2019,90,2926,MAPLE,,75201,2926 MAPLE AVE,6/1/2019,FY2019,32.7980124,-96.8069905,Bar,4.5,287
STONEY'S FINE WINE,Routine,7/8/2019,93,6038,ORAM,,75206,6038 ORAM ST,7/1/2019,FY2019,32.8137546,-96.762231,Bar,4.4,815
STREET'S FINE CHICKEN,Routine,11/25/2019,92,3857,CEDAR SPRINGS,,75219,3857 CEDAR SPRINGS RD,11/1/2019,FY2020,32.8101066,-96.8104641,Cafe,4.2,1046
STROKERS ICE HOUSE,Routine,7/25/2019,85,9310,HARRY HINES,,75235,9310 HARRY HINES BLVD,7/1/2019,FY2019,32.8424994,-96.8707053,Bar,4.6,791
SUBWAY SANDWICHES,Routine,4/11/2019,83,2123,GREENVILLE,,75206,2123 GREENVILLE AVE,4/1/2019,FY2019,32.815936,-96.770588,Bar,4.3,379
SUBWAY SANDWICHES,Routine,12/17/2018,96,6813,NORTHWEST,,75225,6813 W NORTHWEST HWY,12/1/2018,FY2019,32.8661807,-96.7881644,Bar,4.2,497
SUNDOWN AT GRANADA,Follow-up,12/19/2019,80,3520,GREENVILLE,,75206,3520 GREENVILLE AVE,12/1/2019,FY2020,32.8306413,-96.7699106,Bar,4.5,639
SUR LA TABLE,Routine,10/30/2019,99,6025,ROYAL,#130,75230,6025 ROYAL LN #130,10/1/2019,FY2020,32.8961547,-96.8022961,Bar,4.4,885
SUSHI BAYASHI,Routine,11/19/2019,80,3011,GULDEN,#106,75212,3011 GULDEN LN #106,11/1/2019,FY2020,32.7793722,-96.8289924,Bar,4.2,455
SUSHI HOUSE,Routine,12/9/2019,94,5619,LOVERS,,75209,5619 W LOVERS LN,12/1/2019,FY2020,32.8515577,-96.8168246,Bar,4.4,355
SUSHI MAKU,Routine,9/6/2019,92,17721,DALLAS,#100,75287,17721 DALLAS PKWY #100,9/1/2019,FY2019,32.9909067,-96.830829,Cafe,4.4,2038
SUSHI STAR,Routine,6/10/2019,85,5956,ROYAL,,75230,5956 ROYAL LN,6/1/2019,FY2019,32.894478,-96.8046645,Bar,4.3,135
SWAMP CAFE,Routine,11/19/2019,90,17721,DALLAS,#104,75287,17721 DALLAS PKWY #104,11/1/2019,FY2020,32.9909067,-96.830829,Cafe,4.4,2038
SWEET SENSATIONS,Routine,12/26/2018,97,1701,MARKET,#155,75202,1701 N MARKET ST #155,12/1/2018,FY2019,32.781616,-96.8070186,Bar,4.2,1028
SWIFT-T,Follow-up,5/10/2019,80,2908,SAMUELL,#100,75223,2908 SAMUELL BLVD #100,5/1/2019,FY2019,32.7924581,-96.7437524,Bar,4.3,8
TACO DINER LAKE HIGHLANDS,Routine,12/26/2019,88,7150,SKILLMAN,#190,75231,7150 SKILLMAN ST #190,12/1/2019,FY2020,32.8767949,-96.7334677,Bar,4.7,466
TACO HEADS,Routine,6/26/2019,80,1921,HENDERSON,,75206,1921 N HENDERSON AVE,6/1/2019,FY2019,32.8117016,-96.7753953,Bar,4,631
TACO Y VINO,Routine,11/26/2019,80,213,8TH,,75208,213 W 8TH ST,11/1/2019,FY2020,32.7482158,-96.8251961,Bar,4.7,200
TAPAS CASTILLE,Routine,3/5/2018,91,3011,GULDEN,#116,75212,3011 GULDEN LN #116,3/1/2018,FY2018,32.7793722,-96.8289924,Bar,4.2,455
TAQUERIA LE VENTANA,Routine,12/31/2019,96,3847,CEDAR SPRINGS,,75219,3847 CEDAR SPRINGS,12/1/2019,FY2020,32.8099476,-96.8101715,Cafe,4.2,1046
TAQUERIA PEDRITOS,Routine,8/8/2019,80,321,JEFFERSON,,75203,321 E JEFFERSON BLVD,8/1/2019,FY2019,32.7453454,-96.8199247,Bar,4.4,134
TASTE THE WORLD,Routine,10/25/2018,92,17721,DALLAS,#104,75287,17721 N DALLAS PKWY #104,10/1/2018,FY2019,32.9909067,-96.830829,Cafe,4.4,2038
TEI TEI ROBATA BAR,Routine,9/20/2019,80,2906,HENDERSON,,75206,2906 N HENDERSON AVE,9/1/2019,FY2019,32.8204348,-96.7845843,Bar,4.5,1082
TEN BELLS TAVERN,Routine,6/20/2019,92,232,SEVENTH,,75208,232 W SEVENTH ST,6/1/2019,FY2019,32.7486994,-96.8259927,Bar,4.4,443
TEPPO YAKITORI & SUSHI BR,Routine,7/16/2019,90,2014,GREENVILLE,,75206,2014 GREENVILLE AVE,7/1/2019,FY2019,32.8144516,-96.7699067,Bar,4.5,1801
TEQUILA RESTAURANTE Y BAR,Routine,12/27/2019,88,2620,WALNUT HILL,,75229,2620 WALNUT HILL LN,12/1/2019,FY2020,32.8807392,-96.889687,Bar,3.6,30
TERILLIS RESTAURANT & BAR,Routine,9/25/2019,80,2815,GREENVILLE,,75206,2815 GREENVILLE AVE,9/1/2019,FY2019,32.8232249,-96.7704427,Bar,4.6,801
THAI EXPRESS,Routine,5/8/2019,91,13350,DALLAS,#3650,75240,13350 DALLAS PKWY #3650,5/1/2019,FY2019,32.9290218,-96.8200386,Bar,4.5,651
THAI LOTUS KITCHEN,Routine,7/12/2019,94,3851,CEDAR SPRINGS,#D,75219,3851 CEDAR SPRINGS RD #D,7/1/2019,FY2019,32.8100026,-96.8103594,Cafe,4.2,1046
THE ART OF WINE,Routine,10/12/2018,100,11909,PRESTON,#1415,75230,11909 PRESTON RD #1415,10/1/2018,FY2019,32.9115062,-96.8055428,Bar,4.4,649
THE BLUE FISH,Follow-up,1/9/2020,70,3519,GREENVILLE,,75206,3519 GREENVILLE AVE,1/1/2020,FY2020,32.830511,-96.7704397,Bar,4.3,446
THE CLOVER CLUB,Routine,9/19/2019,90,2404,CEDAR SPRINGS,#400,75201,2404 CEDAR SPRINGS RD STE #400,9/1/2019,FY2019,32.7964413,-96.8048335,Bar,4.3,364
THE COMMISSARY,Routine,11/27/2018,94,2201,TUCKER,#110,75214,2201 TUCKER ST #110,11/1/2018,FY2019,32.8119545,-96.7320518,Bar,4.5,136
THE COMMON TABLE,Routine,7/15/2019,91,2917,FAIRMOUNT,,75201,2917 FAIRMOUNT ST,7/1/2019,FY2019,32.7981454,-96.8062794,Bar,4.3,617
THE CONTINENTAL RESTAURANT,Routine,8/29/2019,81,3011,GULDEN,#109,75212,3011 GULDEN #109,8/1/2019,FY2019,32.7793722,-96.8289924,Bar,4.2,455
THE DAPPER DOUGHNUT,Routine,1/17/2019,99,13350,DALLAS,#500,75240,13350 DALLAS PKWY #500,1/1/2019,FY2019,32.9290218,-96.8200386,Bar,4.5,651
THE GINGER MAN,Routine,7/15/2019,90,2718,BOLL,,75204,2718 BOLL ST,7/1/2019,FY2019,32.7982734,-96.8029716,Bar,4.4,676
THE GRAPE,Routine,7/30/2019,91,2808,GREENVILLE,,75206,2808 GREENVILLE AVE,7/1/2019,FY2019,32.8233578,-96.7700051,Bar,4.6,801
THE GREEN DOOR,Routine,8/27/2019,87,600,HARWOOD,,75201,600 S HARWOOD ST,8/1/2019,FY2019,32.7787108,-96.7917778,Bar,4.4,552
THE GROVE,Routine,3/27/2019,95,3019,MCKINNON,,75201,3019 MCKINNON ST,3/1/2019,FY2019,32.7966049,-96.8103447,Bar,4.6,125
THE JUICE BAR,Routine,11/6/2019,96,5560,LOVERS,243,75209,5560 W LOVERS LN STE 243,11/1/2019,FY2020,32.8501457,-96.8182246,Bar,4.3,376
THE LOT,Routine,1/13/2020,90,7530,EAST GRAND,,75214,7530 EAST GRAND AVE,1/1/2020,FY2020,32.8102698,-96.7291205,Bar,4.1,777
THE MEN'S CLUB,Routine,7/12/2019,91,2340,NORTHWEST,,75220,2340 W NORTHWEST HWY,7/1/2019,FY2019,32.8593628,-96.8876725,Bar,3.8,81
THE MERCURY GRILL,Routine,10/22/2019,91,11909,PRESTON,#1418,75230,11909 PRESTON RD #1418,10/1/2019,FY2020,32.9115062,-96.8055428,Bar,4.4,649
THE MOTH,Routine,10/29/2019,80,1621,OAK LAWN,#B,75207,1621 OAK LAWN AVE #B,10/1/2019,FY2020,32.7970083,-96.8201522,Bar,4.5,1679
THE OLD MONK,Routine,9/19/2019,82,2847,HENDERSON,,75206,2847 N HENDERSON AVE,9/1/2019,FY2019,32.8200659,-96.7849182,Bar,4.6,199
THE PALM RESTAURANT,Routine,4/20/2017,92,701,ROSS,,75202,701 ROSS AVE,4/1/2017,FY2017,32.7816669,-96.8065911,Bar,4.6,2115
THE PARLOR,Routine,9/4/2019,94,400,OLIVE,,75201,400 N OLIVE ST,9/1/2019,FY2019,32.7851279,-96.7949555,Bar,3.7,142
THE PEOPLE'S LAST STAND,Routine,1/16/2019,96,5319,MOCKINGBIRD,210,75206,5319 E MOCKINGBIRD LN 210,1/1/2019,FY2019,32.8385487,-96.7761412,Bar,4.5,195
THE PHARMACY,Routine,5/28/2019,97,2812,ELM,,75226,2812 ELM ST,5/1/2019,FY2019,32.7846143,-96.783092,Cafe,4.2,1401
THE PORCH,Routine,9/19/2019,85,2912,HENDERSON,,75206,2912 N HENDERSON AVE,9/1/2019,FY2019,32.8206309,-96.7846427,Bar,4.5,1082
THE QUIXOTIC WORLD,Routine,11/16/2019,100,2824,MAIN,,75226,2824 MAIN ST,11/1/2019,FY2020,32.7839742,-96.7822428,Bar,4.2,470
THE RUSTIC,Routine,8/7/2019,81,3656,HOWELL,,75207,3656 HOWELL ST,8/1/2019,FY2019,32.8049093,-96.7942007,Bar,4.3,2929
THE SKELLIG,Routine,10/21/2019,85,2409,HENDERSON,,75206,2409 N HENDERSON AVE,10/1/2019,FY2020,32.815016,-96.7789925,Bar,4.4,332
THE STANDARD POUR,Routine,10/31/2019,94,2900,MCKINNEY,,75204,2900 MCKINNEY AVE,10/1/2019,FY2020,32.7997125,-96.8006678,Bar,4.5,630
THE TIPSY CUPCAKE,Routine,2/27/2019,91,2400,HENDERSON,#B,75219,2400 N HENDERSON #B,2/1/2019,FY2019,32.8151793,-96.7784068,Bar,4.1,2018
THE WHIPPER SNAPPER (BAR),Routine,5/9/2018,90,1806,MCMILLAN,,75206,1806 MCMILLAN AVE,5/1/2018,FY2018,32.8118397,-96.7744336,Bar,3.9,225
THE WHISTLING PIG,Routine,1/11/2020,82,8786,FERGUSON,#133,75228,8786 FERGUSON RD #133,1/1/2020,FY2020,32.8122104,-96.6986517,Bar,4.4,332
THE WILD TURKEY,Routine,11/25/2019,87,2470,WALNUT HILL,,75229,2470 WALNUT HILL LN,11/1/2019,FY2020,32.8807129,-96.894798,Bar,4.1,564
THE WING BUCKET,Routine,12/11/2019,80,1200,MAIN,100,75202,1200 MAIN ST 100,12/1/2019,FY2020,32.7798185,-96.8012463,Bar,4.3,423
THIRSTY'S,Routine,2/4/2019,93,13350,DALLAS,#3585,75240,13350 DALLAS PKWY #3585,2/1/2019,FY2019,32.9290218,-96.8200386,Bar,4.5,651
TILLMAN'S CORNER RESTAURANT,Routine,6/19/2019,84,324,SEVENTH,,75208,324 W SEVENTH ST,6/1/2019,FY2019,32.7487293,-96.827659,Cafe,4.3,1218
TILLMANS ROADHOUSE,Routine,6/19/2019,92,324,7TH,,75208,324 W 7TH ST,6/1/2019,FY2019,32.7487293,-96.827659,Cafe,4.3,1218
TIME OUT TAVERN,Routine,11/14/2019,90,5101,LOVERS,,75209,5101 W LOVERS LN,11/1/2019,FY2020,32.8515224,-96.8239074,Bar,4.6,298
TIN ROOM,Routine,12/5/2019,96,2514,HUDNALL,,75235,2514 HUDNALL ST,12/1/2019,FY2020,32.818477,-96.8319649,Bar,3,1
TJ'S FRESH SEAFOOD MARKET & GRILL,Routine,9/23/2019,88,6025,ROYAL,#110,75220,6025 ROYAL LN #110,9/1/2019,FY2019,32.8963171,-96.8031791,Bar,4.4,239
TOLLER PARK,Routine,11/19/2019,74,3629,ROSS,,75204,3629 ROSS AVE,11/1/2019,FY2020,32.797766,-96.787081,Bar,4.5,60
TONY'S PIZZA & PASTA,Routine,12/6/2018,91,18918,MIDWAY,#100,75287,18918 MIDWAY RD #100,12/1/2018,FY2019,33.0093777,-96.8429308,Bar,3.8,693
TORTAS LA HECHIZERA,Routine,9/5/2019,95,119,JEFFERSON,,75208,119 W JEFFERSON BLVD,9/1/2019,FY2019,32.7434306,-96.8236297,Bar,4.5,222
TORTILLERIA LA PURISIMA,Routine,1/6/2020,72,14902,PRESTON,#1300,75234,14902 PRESTON RD #1300,1/1/2020,FY2020,32.9531019,-96.8032408,Bar,4.2,656
TRADER JOE'S,Routine,5/20/2019,80,2001,GREENVILLE,,75206,2001 GREENVILLE AVE,5/1/2019,FY2019,32.8148346,-96.770559,Bar,4.4,364
TRADEWINDS CLUB,Routine,11/8/2018,98,2843,DAVIS,,75211,2843 W DAVIS ST,11/1/2018,FY2019,32.7497313,-96.8682513,Bar,4.5,123
TRINITY CIDER,Routine,1/31/2019,98,2656,MAIN,#120,75226,2656 MAIN ST #120,1/1/2019,FY2019,32.783601,-96.784247,Bar,4.6,558
TRINITY HALL,Routine,8/28/2019,91,5321,MOCKINGBIRD,,75206,5321 E MOCKINGBIRD LN,8/1/2019,FY2019,32.8382614,-96.7754164,Bar,4.5,834
TROPHY ROOM,Routine,1/24/2019,90,2714,MCKINNEY,,75205,2714 MCKINNEY AVE,1/1/2019,FY2019,32.7979863,-96.8009554,Bar,4.5,306
TRUCK YARD,Routine,1/8/2020,90,5624,SEARS,,75206,5624 SEARS ST,1/1/2020,FY2020,32.8143203,-96.7711876,Bar,4.6,2629
TUPINAMBA,Routine,9/11/2019,88,9665,CENTRAL,#142,75225,9665 N CENTRAL EXPW #142,9/1/2019,FY2019,32.8783378,-96.7714446,Cafe,4.4,667
TUTTA'S,Routine,7/19/2019,89,1701,MARKET,#110,75202,1701 N MARKET ST #110,7/1/2019,FY2019,32.781616,-96.8070186,Bar,4.2,1028
TWIN PEAKS RESTAURANT,Routine,8/28/2019,91,5321,MOCKINGBIRD,#240,75206,5321 E MOCKINGBIRD LN #240,8/1/2019,FY2019,32.8382614,-96.7754164,Bar,4.5,834
TWISTED ROOT BURGER,Routine,4/29/2019,86,2615,COMMERCE,,75226,2615 COMMERCE ST,4/1/2019,FY2019,32.7830071,-96.7855034,Bar,4.6,2477
TWISTED TREATS,Routine,1/29/2019,95,2820,ELM,,75226,2820 ELM ST,1/1/2019,FY2019,32.7846492,-96.7827371,Cafe,4.2,1401
TWO SISTERS TO GO,Routine,11/8/2018,100,3111,MONTICELLO,#C,75205,3111 MONTICELLO AVE #C,11/1/2018,FY2019,32.8268352,-96.7859422,Bar,4.8,8
UPTOWN TAVERN & WINE BAR,Routine,9/12/2019,84,3605,MCKINNEY,,75204,3605 MCKINNEY AVE,9/1/2019,FY2019,32.8073309,-96.7977001,Bar,4.5,895
UPTOWN URBAN MARKET (KITCHEN),Routine,2/28/2019,90,2600,CEDAR SPRING,,75204,2600 CEDAR SPRING RD,2/1/2019,FY2019,32.7999695,-96.8049106,Bar,4.5,155
URBAN TACO,Routine,8/28/2019,90,5321,MOCKINGBIRD,#105,75206,5321 E MOCKINGBIRD #105,8/1/2019,FY2019,32.8382614,-96.7754164,Bar,4.5,834
URBAN VINES WINE BISTRO,Routine,12/27/2018,90,9219,GARLAND,#1102,75218,9219 GARLAND RD STE #1102,12/1/2018,FY2019,32.8308994,-96.7068422,Bar,4.6,144
URBANO CAFE,Routine,11/21/2019,95,1410,FITZHUGH,#C,75204,1410 N FITZHUGH AVE #C,11/1/2019,FY2020,32.8042529,-96.7738542,Cafe,4.6,107
URBANO CATERING,Routine,11/21/2019,100,1410,FITZHUGH,#A,75204,1410 N FITZHUGH AVE #A,11/1/2019,FY2020,32.8042529,-96.7738542,Cafe,4.6,107
V-EATS,Routine,8/26/2019,92,3011,GULDEN,#102,75212,3011 GULDEN #102,8/1/2019,FY2019,32.7793722,-96.8289924,Bar,4.2,455
VELVET TACO,Routine,8/27/2019,89,3411,MCKINNEY,,75204,3411 MCKINNEY AVE,8/1/2019,FY2019,32.8056021,-96.7988702,Bar,4.4,1407
VERBENA,Routine,2/11/2019,90,2626,HOWELL,#166,75080,2626 HOWELL ST #166,2/1/2019,FY2019,32.7985289,-96.8026993,Bar,4.4,676
VH CASUAL DINING & BAR,Routine,12/11/2019,95,1115,BECKLEY,,75203,1115 N BECKLEY AVE,12/1/2019,FY2020,32.757105,-96.823229,Bar,4.3,1547
VICTORY TAVERN,Routine,1/30/2018,83,2501,HOUSTON,,75219,2501 N HOUSTON ST,1/1/2018,FY2018,32.789903,-96.8091894,Bar,3.9,168
VIDORRA,Routine,5/20/2019,98,2642,MAIN,#100,75226,2642 MAIN ST #100,5/1/2019,FY2019,32.7834028,-96.7846655,Bar,4.5,1385
VILLAGE BURGER BAR,Routine,11/21/2019,91,1845,WOODALL RODGERS,#200,75201,1845 WOODALL RODGERS FRWY #200,11/1/2019,FY2020,32.7886916,-96.8036633,Bar,4.5,288
W-WHIP IN,Routine,2/19/2019,94,7460,WESTMORELAND,#100,75237,7460 S WESTMORELAND RD #100,2/1/2019,FY2019,32.6546136,-96.8839847,Bar,4.1,251
WESTLAKE BREWING COMPANY,Routine,12/3/2019,100,2816,COMMERCE,,75226,2816 COMMERCE ST,12/1/2019,FY2020,32.7830655,-96.7823553,Bar,5,60
WHICH WICH,Routine,4/17/2019,96,13350,DALLAS,#3425,75240,13350 DALLAS PKWY #3425,4/1/2019,FY2019,32.9290218,-96.8200386,Bar,4.5,651
WHICH WICH,Routine,1/16/2019,90,8060,PARK,#B116,75231,8060 PARK LN #B116,1/1/2019,FY2019,32.8705371,-96.7684762,Bar,4.1,600
WHICH WICH SUPERIOR SANDWICHES,Routine,11/26/2019,94,2626,HOWELL,#170,75204,2626 HOWELL ST #170,11/1/2019,FY2020,32.7985289,-96.8026993,Bar,4.4,676
WILD SALSA,Routine,1/8/2020,80,1800,MAIN,,75214,1800 MAIN ST,1/1/2020,FY2020,32.7810331,-96.7960457,Bar,4.1,1040
WILLIAMS CHICKEN,Routine,9/23/2019,98,407,LAMAR,170B,75202,407 N LAMAR ST 170B,9/1/2019,FY2019,32.781315,-96.804976,Cafe,3.2,847
WINDMILL LOUNGE,Routine,10/6/2018,90,5320,MAPLE,,75235,5320 MAPLE AVE,10/1/2018,FY2019,32.8182164,-96.8323208,Bar,3,1
WIT'S END CLUB,Routine,5/7/2019,95,2724,ELM,,75226,2724 ELM ST,5/1/2019,FY2019,32.7844995,-96.7837468,Bar,4.6,7
WOODLANDS,Routine,7/17/2019,96,6073,FOREST,,75230,6073 FOREST LN,7/1/2019,FY2019,32.9099152,-96.8018165,Bar,4.5,269
Y.O. RANCH STEAKHOUSE,Routine,7/25/2019,81,702,ROSS,,75202,702 ROSS AVE,7/1/2019,FY2019,32.7813025,-96.806383,Bar,4.6,2115
YOGURT TIME,Routine,7/10/2018,80,504,MADISON,,75208,504 N MADISON AVE,7/1/2018,FY2018,32.7490753,-96.8263158,Bar,4.4,443
YOGURTLAND,Routine,2/5/2019,100,13350,DALLAS,#925,75240,13350 DALLAS PKWY #925,2/1/2019,FY2019,32.9290218,-96.8200386,Bar,4.5,651
YOKOHAMA JAPANESE RESTAURANT,Routine,1/9/2020,94,19009,PRESTON,115,75252,19009 PRESTON RD 115,1/1/2020,FY2020,33.0064252,-96.7963993,Bar,4.6,476
ZALAT,Routine,9/16/2019,94,2519,FITZHUGH,,75214,2519 N FITZHUGH AVE,9/1/2019,FY2019,32.8123776,-96.7839781,Bar,4.3,916
ZENNA,Routine,7/30/2019,82,3950,ROSEMEADE,#100,75252,3950 ROSEMEADE PKWY #100,7/1/2019,FY2019,33.0099299,-96.8459306,Bar,4,4
ZIZIKI'S,Routine,9/18/2019,85,11661,PRESTON,#309,75230,11661 PRESTON RD #309,9/1/2019,FY2019,32.9089825,-96.8048114,Bar,4.4,211
ZOE'S KITCHEN,Routine,10/21/2019,90,8018,PARK,#100,75231,8018 PARK LN #100,10/1/2019,FY2020,32.8705789,-96.7689314,Bar,4.1,600
ZOE'S KITCHEN,Routine,9/23/2019,89,6025,ROYAL,104,75230,6025 ROYAL LN STE 104,9/1/2019,FY2019,32.896345,-96.8034721,Bar,4.4,239
